[07Dec2025 01:33:07.103] [main/INFO] [cpw.mods.modlauncher.Launcher/MODLAUNCHER]: ModLauncher running: args [--launchTarget, forgeserver, --fml.forgeVersion, 47.3.7, --fml.mcVersion, 1.20.1, --fml.forgeGroup, net.minecraftforge, --fml.mcpVersion, 20230612.114412, nogui]
[07Dec2025 01:33:07.106] [main/INFO] [cpw.mods.modlauncher.Launcher/MODLAUNCHER]: ModLauncher 10.0.9+10.0.9+main.dcd20f30 starting: java version 17.0.17 by Ubuntu; OS Linux arch amd64 version 6.8.0-1030-azure
[07Dec2025 01:33:08.989] [main/INFO] [net.minecraftforge.fml.loading.ImmediateWindowHandler/]: ImmediateWindowProvider not loading because launch target is forgeserver
[07Dec2025 01:33:09.046] [main/INFO] [mixin/]: SpongePowered MIXIN Subsystem Version=0.8.5 Source=union:/workspaces/Repositorioxd/servidor_minecraft/libraries/org/spongepowered/mixin/0.8.5/mixin-0.8.5.jar%2365!/ Service=ModLauncher Env=SERVER
[07Dec2025 01:33:09.439] [main/WARN] [net.minecraftforge.fml.loading.moddiscovery.ModFileParser/LOADING]: Mod file /workspaces/Repositorioxd/servidor_minecraft/libraries/net/minecraftforge/fmlcore/1.20.1-47.3.7/fmlcore-1.20.1-47.3.7.jar is missing mods.toml file
[07Dec2025 01:33:09.440] [main/WARN] [net.minecraftforge.fml.loading.moddiscovery.ModFileParser/LOADING]: Mod file /workspaces/Repositorioxd/servidor_minecraft/libraries/net/minecraftforge/javafmllanguage/1.20.1-47.3.7/javafmllanguage-1.20.1-47.3.7.jar is missing mods.toml file
[07Dec2025 01:33:09.441] [main/WARN] [net.minecraftforge.fml.loading.moddiscovery.ModFileParser/LOADING]: Mod file /workspaces/Repositorioxd/servidor_minecraft/libraries/net/minecraftforge/lowcodelanguage/1.20.1-47.3.7/lowcodelanguage-1.20.1-47.3.7.jar is missing mods.toml file
[07Dec2025 01:33:09.442] [main/WARN] [net.minecraftforge.fml.loading.moddiscovery.ModFileParser/LOADING]: Mod file /workspaces/Repositorioxd/servidor_minecraft/libraries/net/minecraftforge/mclanguage/1.20.1-47.3.7/mclanguage-1.20.1-47.3.7.jar is missing mods.toml file
[07Dec2025 01:33:09.775] [main/WARN] [net.minecraftforge.jarjar.selection.JarSelector/]: Attempted to select a dependency jar for JarJar which was passed in as source: playeranimator. Using Mod File: /workspaces/Repositorioxd/servidor_minecraft/mods/player-animation-lib-forge-1.0.2-rc1+1.20.jar
[07Dec2025 01:33:09.776] [main/INFO] [net.minecraftforge.fml.loading.moddiscovery.JarInJarDependencyLocator/]: Found 13 dependencies adding them to mods collection
[07Dec2025 01:33:13.059] [main/INFO] [mixin/]: Compatibility level set to JAVA_17
[07Dec2025 01:33:13.217] [main/ERROR] [mixin/]: Mixin config necronomicon.forge.mixins.json does not specify "minVersion" property
[07Dec2025 01:33:13.282] [main/ERROR] [mixin/]: Mixin config furniture-common.mixins.json does not specify "minVersion" property
[07Dec2025 01:33:13.361] [main/INFO] [mixin/]: Successfully loaded Mixin Connector [org.tlauncher.MixinConnector]
[07Dec2025 01:33:13.362] [main/INFO] [mixin/]: Successfully loaded Mixin Connector [de.maxhenkel.camera.MixinConnector]
[07Dec2025 01:33:13.369] [main/INFO] [cpw.mods.modlauncher.LaunchServiceHandler/MODLAUNCHER]: Launching target 'forgeserver' with arguments [nogui]
[07Dec2025 01:33:13.403] [main/WARN] [mixin/]: Reference map 'graveyard-FORGE-forge-refmap.json' for graveyard-forge.mixins.json could not be read. If this is a development environment you can ignore this message
[07Dec2025 01:33:13.540] [main/WARN] [mixin/]: Reference map 'mixins.call_of_yucutan.refmap.json' for mixins.call_of_yucutan.json could not be read. If this is a development environment you can ignore this message
[07Dec2025 01:33:13.564] [main/INFO] [Embeddium/]: Loaded configuration file for Embeddium: 132 options available, 0 override(s) found
[07Dec2025 01:33:13.583] [main/WARN] [mixin/]: Reference map 'handcrafted-forge-1.20.1-forge-refmap.json' for handcrafted.mixins.json could not be read. If this is a development environment you can ignore this message
[07Dec2025 01:33:13.631] [main/WARN] [mixin/]: Reference map 'coroutil.refmap.json' for coroutil.mixins.json could not be read. If this is a development environment you can ignore this message
[07Dec2025 01:33:13.667] [main/WARN] [mixin/]: Reference map 'Aquamirae.refmap.json' for aquamirae.mixins.json could not be read. If this is a development environment you can ignore this message
[07Dec2025 01:33:14.799] [main/ERROR] [net.minecraftforge.fml.loading.RuntimeDistCleaner/DISTXFORM]: Attempted to load class net/minecraft/client/gui/screens/Screen for invalid dist DEDICATED_SERVER
[07Dec2025 01:33:14.801] [main/WARN] [mixin/]: Error loading class: net/minecraft/client/gui/screens/Screen (java.lang.RuntimeException: Attempted to load class net/minecraft/client/gui/screens/Screen for invalid dist DEDICATED_SERVER)
[07Dec2025 01:33:14.801] [main/WARN] [mixin/]: @Mixin target net.minecraft.client.gui.screens.Screen was not found relics.mixins.json:ScreenMixin
[07Dec2025 01:33:15.444] [main/ERROR] [net.minecraftforge.fml.loading.RuntimeDistCleaner/DISTXFORM]: Attempted to load class net/minecraft/client/particle/ParticleEngine for invalid dist DEDICATED_SERVER
[07Dec2025 01:33:15.445] [main/WARN] [mixin/]: Error loading class: net/minecraft/client/particle/ParticleEngine (java.lang.RuntimeException: Attempted to load class net/minecraft/client/particle/ParticleEngine for invalid dist DEDICATED_SERVER)
[07Dec2025 01:33:15.446] [main/WARN] [mixin/]: @Mixin target net.minecraft.client.particle.ParticleEngine was not found the_bumblezone-common.mixins.json:client.ParticleEngineAccessor
[07Dec2025 01:33:15.560] [main/ERROR] [net.minecraftforge.fml.loading.RuntimeDistCleaner/DISTXFORM]: Attempted to load class net/minecraft/client/player/AbstractClientPlayer for invalid dist DEDICATED_SERVER
[07Dec2025 01:33:15.561] [main/WARN] [mixin/]: Error loading class: net/minecraft/client/player/AbstractClientPlayer (java.lang.RuntimeException: Attempted to load class net/minecraft/client/player/AbstractClientPlayer for invalid dist DEDICATED_SERVER)
[07Dec2025 01:33:15.561] [main/WARN] [mixin/]: @Mixin target net.minecraft.client.player.AbstractClientPlayer was not found tlskincape-mixins.json:MixinAbstractPlayer
[07Dec2025 01:33:15.563] [main/ERROR] [net.minecraftforge.fml.loading.RuntimeDistCleaner/DISTXFORM]: Attempted to load class net/minecraft/client/gui/screens/TitleScreen for invalid dist DEDICATED_SERVER
[07Dec2025 01:33:15.564] [main/WARN] [mixin/]: Error loading class: net/minecraft/client/gui/screens/TitleScreen (java.lang.RuntimeException: Attempted to load class net/minecraft/client/gui/screens/TitleScreen for invalid dist DEDICATED_SERVER)
[07Dec2025 01:33:15.564] [main/WARN] [mixin/]: @Mixin target net.minecraft.client.gui.screens.TitleScreen was not found tlskincape-mixins.json:MixinMainMenu
[07Dec2025 01:33:15.565] [main/WARN] [mixin/]: Error loading class: net/minecraft/client/model/PlayerModel (java.lang.ClassNotFoundException: net.minecraft.client.model.PlayerModel)
[07Dec2025 01:33:15.566] [main/WARN] [mixin/]: @Mixin target net.minecraft.client.model.PlayerModel was not found tlskincape-mixins.json:MixinPlayerModel
[07Dec2025 01:33:15.785] [main/INFO] [MixinExtras|Service/]: Initializing MixinExtras via com.llamalad7.mixinextras.service.MixinExtrasServiceImpl(version=0.4.1).
[07Dec2025 01:33:22.820] [main/WARN] [mixin/]: @Inject(@At("INVOKE_ASSIGN")) Shift.BY=2 on refurbished_furniture.common.mixins.json:LevelChunkMixin::handler$zla000$refurbishedFurniture$AfterRemoveBlockEntity exceeds the maximum allowed value: 0. Increase the value of maxShiftBy to suppress this warning.
[07Dec2025 01:33:23.689] [main/WARN] [mixin/]: Mixin alexscaves.mixins.json:SwampHutPieceMixin has multiple constructors, (Lnet/minecraft/world/level/levelgen/structure/pieces/StructurePieceType;IIIIIILnet/minecraft/core/Direction;)V was selected

[07Dec2025 01:33:24.289] [modloading-worker-0/INFO] [Easy NPC/]: Initializing Easy NPC (Forge) ...
[07Dec2025 01:33:24.290] [modloading-worker-0/INFO] [Easy NPC/]: 🗣 Register Easy NPC Debug Manager ...
[07Dec2025 01:33:24.302] [modloading-worker-0/WARN] [Easy NPC/]: [Debug Manager] Detected debug log level for Easy NPC with ALL!
[07Dec2025 01:33:24.307] [modloading-worker-0/WARN] [Easy NPC/]: [Debug Manager] Adjusting log level for Easy NPC from ALL to INFO, for performance reasons!
[07Dec2025 01:33:24.308] [modloading-worker-0/INFO] [Easy NPC/]: [Debug Manager] Add new logger config for Easy NPC with level INFO ...
[07Dec2025 01:33:24.309] [modloading-worker-0/INFO] [Easy NPC/]: 🗣 Register Easy NPC Constants ...
[07Dec2025 01:33:24.310] [modloading-worker-0/INFO] [Easy NPC/]: 🗣 Register Easy NPC Command Argument Types ...
[07Dec2025 01:33:24.334] [modloading-worker-0/INFO] [necronomicon/]: File exists, reading config for elocindev.animation_overhaul.config.AnimationsConfig.
[07Dec2025 01:33:24.334] [modloading-worker-0/INFO] [necronomicon/]: Config for elocindev.animation_overhaul.config.AnimationsConfig read successfully.
[07Dec2025 01:33:24.335] [modloading-worker-0/INFO] [Easy NPC/]: 🗣 Register Easy NPC Entities Types ...
[07Dec2025 01:33:24.353] [modloading-worker-0/INFO] [Easy NPC/]: 🗣 Register Easy NPC Blocks ...
[07Dec2025 01:33:24.361] [modloading-worker-0/INFO] [necronomicon/]: File exists, reading config for elocindev.animation_overhaul.config.PlayerConfig.
[07Dec2025 01:33:24.363] [modloading-worker-0/INFO] [necronomicon/]: Config for elocindev.animation_overhaul.config.PlayerConfig read successfully.
[07Dec2025 01:33:24.364] [modloading-worker-0/INFO] [Easy NPC/]: 🗣 Register Easy NPC Blocks Entity Types ...
[07Dec2025 01:33:24.364] [modloading-worker-0/INFO] [Easy NPC/]: 🗣 Register Easy NPC Items ...
[07Dec2025 01:33:24.369] [modloading-worker-0/INFO] [animation_overhaul/]: Animation Overhaul's Config initialized
[07Dec2025 01:33:24.379] [modloading-worker-0/INFO] [Easy NPC/]: 🗣 Register Easy NPC Menu Handler ...
[07Dec2025 01:33:24.407] [modloading-worker-0/INFO] [Easy NPC/]: Registering Easy NPC common config ...
[07Dec2025 01:33:24.424] [modloading-worker-0/INFO] [Easy NPC/]: 🗣 Register Easy NPC Menu Types ...
[07Dec2025 01:33:24.443] [modloading-worker-0/INFO] [Easy NPC/]: 🗣 Register Easy NPC Network Handler ...
[07Dec2025 01:33:24.450] [modloading-worker-0/INFO] [Easy NPC/]: 🗣 Register Easy NPC Client Network Message Handler ...
[07Dec2025 01:33:24.464] [modloading-worker-0/INFO] [Easy NPC/]: Registering Easy NPC client config ...
[07Dec2025 01:33:24.582] [modloading-worker-0/INFO] [com.jtorleonstudios.libraryferret.LibraryFerret/]: Initialize mod Library Ferret
[07Dec2025 01:33:24.609] [modloading-worker-0/INFO] [com.jtorleonstudios.libraryferret.LibraryFerret/]: Initialized mod Library Ferret
[07Dec2025 01:33:24.970] [modloading-worker-0/ERROR] [net.minecraftforge.eventbus.EventSubclassTransformer/EVENTBUS]: Could not find parent net/minecraft/client/renderer/entity/layers/RenderLayer for class com/obscuria/obscureapi/client/renderer/PatreonLayer in classloader cpw.mods.modlauncher.TransformingClassLoader@76d7881e on thread Thread[modloading-worker-0,5,main]
[07Dec2025 01:33:24.970] [modloading-worker-0/ERROR] [net.minecraftforge.eventbus.EventSubclassTransformer/EVENTBUS]: An error occurred building event handler
java.lang.ClassNotFoundException: net.minecraft.client.renderer.entity.layers.RenderLayer
	at cpw.mods.cl.ModuleClassLoader.loadClass(ModuleClassLoader.java:141) ~[securejarhandler-2.1.10.jar:?]
	at java.lang.ClassLoader.loadClass(ClassLoader.java:525) ~[?:?]
	at net.minecraftforge.eventbus.EventSubclassTransformer.buildEvents(EventSubclassTransformer.java:97) ~[eventbus-6.0.5.jar%2352!/:?]
	at net.minecraftforge.eventbus.EventSubclassTransformer.transform(EventSubclassTransformer.java:48) ~[eventbus-6.0.5.jar%2352!/:?]
	at net.minecraftforge.eventbus.EventBusEngine.processClass(EventBusEngine.java:26) ~[eventbus-6.0.5.jar%2352!/:?]
	at net.minecraftforge.eventbus.service.ModLauncherService.processClassWithFlags(ModLauncherService.java:32) ~[eventbus-6.0.5.jar%2352!/:6.0.5+6.0.5+master.eb8e549b]
	at cpw.mods.modlauncher.LaunchPluginHandler.offerClassNodeToPlugins(LaunchPluginHandler.java:88) ~[modlauncher-10.0.9.jar%2355!/:?]
	at cpw.mods.modlauncher.ClassTransformer.transform(ClassTransformer.java:120) ~[modlauncher-10.0.9.jar%2355!/:?]
	at cpw.mods.modlauncher.TransformingClassLoader.maybeTransformClassBytes(TransformingClassLoader.java:50) ~[modlauncher-10.0.9.jar%2355!/:?]
	at cpw.mods.cl.ModuleClassLoader.readerToClass(ModuleClassLoader.java:113) ~[securejarhandler-2.1.10.jar:?]
	at cpw.mods.cl.ModuleClassLoader.lambda$findClass$15(ModuleClassLoader.java:219) ~[securejarhandler-2.1.10.jar:?]
	at cpw.mods.cl.ModuleClassLoader.loadFromModule(ModuleClassLoader.java:229) ~[securejarhandler-2.1.10.jar:?]
	at cpw.mods.cl.ModuleClassLoader.findClass(ModuleClassLoader.java:219) ~[securejarhandler-2.1.10.jar:?]
	at cpw.mods.cl.ModuleClassLoader.loadClass(ModuleClassLoader.java:135) ~[securejarhandler-2.1.10.jar:?]
	at java.lang.ClassLoader.loadClass(ClassLoader.java:525) ~[?:?]
	at java.lang.ClassLoader.defineClass0(Native Method) ~[?:?]
	at java.lang.System$2.defineClass(System.java:2324) ~[?:?]
	at java.lang.invoke.MethodHandles$Lookup$ClassDefiner.defineClass(MethodHandles.java:2439) ~[?:?]
	at java.lang.invoke.MethodHandles$Lookup$ClassDefiner.defineClassAsLookup(MethodHandles.java:2420) ~[?:?]
	at java.lang.invoke.MethodHandles$Lookup.defineHiddenClass(MethodHandles.java:2127) ~[?:?]
	at java.lang.invoke.InnerClassLambdaMetafactory.generateInnerClass(InnerClassLambdaMetafactory.java:407) ~[?:?]
	at java.lang.invoke.InnerClassLambdaMetafactory.spinInnerClass(InnerClassLambdaMetafactory.java:315) ~[?:?]
	at java.lang.invoke.InnerClassLambdaMetafactory.buildCallSite(InnerClassLambdaMetafactory.java:228) ~[?:?]
	at java.lang.invoke.LambdaMetafactory.metafactory(LambdaMetafactory.java:341) ~[?:?]
	at java.lang.invoke.BootstrapMethodInvoker.invoke(BootstrapMethodInvoker.java:134) ~[?:?]
	at java.lang.invoke.CallSite.makeSite(CallSite.java:315) ~[?:?]
	at java.lang.invoke.MethodHandleNatives.linkCallSiteImpl(MethodHandleNatives.java:281) ~[?:?]
	at java.lang.invoke.MethodHandleNatives.linkCallSite(MethodHandleNatives.java:271) ~[?:?]
	at com.obscuria.obscureapi.client.renderer.PatreonLayer$Mode.<clinit>(PatreonLayer.java:55) ~[obscure_api-15.jar%23233!/:com.obscuria]
	at com.obscuria.obscureapi.ObscureAPIConfig$Client.<clinit>(ObscureAPIConfig.java:28) ~[obscure_api-15.jar%23233!/:com.obscuria]
	at com.obscuria.obscureapi.ObscureAPIConfig.register(ObscureAPIConfig.java:46) ~[obscure_api-15.jar%23233!/:com.obscuria]
	at com.obscuria.obscureapi.ObscureAPI.<init>(ObscureAPI.java:69) ~[obscure_api-15.jar%23233!/:com.obscuria]
	at jdk.internal.reflect.NativeConstructorAccessorImpl.newInstance0(Native Method) ~[?:?]
	at jdk.internal.reflect.NativeConstructorAccessorImpl.newInstance(NativeConstructorAccessorImpl.java:77) ~[?:?]
	at jdk.internal.reflect.DelegatingConstructorAccessorImpl.newInstance(DelegatingConstructorAccessorImpl.java:45) ~[?:?]
	at java.lang.reflect.Constructor.newInstanceWithCaller(Constructor.java:500) ~[?:?]
	at java.lang.reflect.Constructor.newInstance(Constructor.java:481) ~[?:?]
	at net.minecraftforge.fml.javafmlmod.FMLModContainer.constructMod(FMLModContainer.java:70) ~[javafmllanguage-1.20.1-47.3.7.jar%23263!/:?]
	at net.minecraftforge.fml.ModContainer.lambda$buildTransitionHandler$4(ModContainer.java:124) ~[fmlcore-1.20.1-47.3.7.jar%23262!/:?]
	at java.util.concurrent.CompletableFuture$AsyncRun.run(CompletableFuture.java:1804) ~[?:?]
	at java.util.concurrent.CompletableFuture$AsyncRun.exec(CompletableFuture.java:1796) ~[?:?]
	at java.util.concurrent.ForkJoinTask.doExec(ForkJoinTask.java:373) ~[?:?]
	at java.util.concurrent.ForkJoinPool$WorkQueue.topLevelExec(ForkJoinPool.java:1182) ~[?:?]
	at java.util.concurrent.ForkJoinPool.scan(ForkJoinPool.java:1655) ~[?:?]
	at java.util.concurrent.ForkJoinPool.runWorker(ForkJoinPool.java:1622) ~[?:?]
	at java.util.concurrent.ForkJoinWorkerThread.run(ForkJoinWorkerThread.java:165) ~[?:?]
[07Dec2025 01:33:24.976] [modloading-worker-0/ERROR] [net.minecraftforge.fml.loading.RuntimeDistCleaner/DISTXFORM]: Attempted to load class com/obscuria/obscureapi/client/renderer/PatreonLayer for invalid dist DEDICATED_SERVER
[07Dec2025 01:33:24.985] [modloading-worker-0/INFO] [graveyard/]: Registered JSON trade offer adapter.
[07Dec2025 01:33:25.314] [modloading-worker-0/INFO] [dev.architectury.networking.forge.NetworkManagerImpl/]: Registering C2S receiver with id architectury:sync_ids
[07Dec2025 01:33:25.315] [modloading-worker-0/INFO] [dev.architectury.networking.forge.NetworkManagerImpl/]: Registering C2S receiver with id artifacts:networking_channel/42a7ad70b1cc371599a0eff744096b8a
[07Dec2025 01:33:25.318] [modloading-worker-0/INFO] [dev.architectury.networking.forge.NetworkManagerImpl/]: Registering C2S receiver with id artifacts:networking_channel/74a5e841822a3a87854ae896a33430d6
[07Dec2025 01:33:25.325] [modloading-worker-0/INFO] [dev.architectury.networking.forge.NetworkManagerImpl/]: Registering C2S receiver with id artifacts:networking_channel/eb3d1e2748533430848cadf0f37c7e9c
[07Dec2025 01:33:25.329] [modloading-worker-0/INFO] [dev.architectury.networking.forge.NetworkManagerImpl/]: Registering C2S receiver with id artifacts:networking_channel/91c8520f19f93b3e8b6a727568e194ab
[07Dec2025 01:33:25.333] [modloading-worker-0/INFO] [dev.architectury.networking.forge.NetworkManagerImpl/]: Registering C2S receiver with id artifacts:networking_channel/8c2784d778293fd482ed84b8aa5fedb9
[07Dec2025 01:33:25.334] [modloading-worker-0/INFO] [dev.architectury.networking.forge.NetworkManagerImpl/]: Registering C2S receiver with id artifacts:networking_channel/ea038224ea783d40b2863f52239e2604
[07Dec2025 01:33:25.340] [modloading-worker-0/INFO] [dev.architectury.networking.forge.NetworkManagerImpl/]: Registering C2S receiver with id artifacts:networking_channel/97ad64b7ecaf33209991c4f031501a58
[07Dec2025 01:33:25.853] [modloading-worker-0/INFO] [coroutil/]: forge loader environment detected
[07Dec2025 01:33:25.951] [modloading-worker-0/INFO] [net.minecraftforge.common.ForgeMod/FORGEMOD]: Forge mod loading, version 47.3.7, for MC 1.20.1 with MCP 20230612.114412
[07Dec2025 01:33:25.952] [modloading-worker-0/INFO] [net.minecraftforge.common.MinecraftForge/FORGE]: MinecraftForge v47.3.7 Initialized
[07Dec2025 01:33:25.969] [modloading-worker-0/INFO] [de.keksuccino.konkrete.Konkrete/]: [KONKRETE] Successfully initialized!
[07Dec2025 01:33:25.971] [modloading-worker-0/INFO] [de.keksuccino.konkrete.Konkrete/]: [KONKRETE] Server-side libs ready to use!
[07Dec2025 01:33:26.619] [modloading-worker-0/INFO] [com.simibubi.create.Create/]: Create 6.0.2 initializing! Commit hash: bffc4b160b08a91ba243b0cc2e13ac797857e17f
[07Dec2025 01:33:28.174] [modloading-worker-0/INFO] [be.florens.expandability.ExpandAbility/]: ExpandAbility here, who dis?
[07Dec2025 01:33:30.086] [main/WARN] [net.minecraftforge.registries.ForgeRegistry/REGISTRIES]: Registry minecraft:sound_event: The object net.minecraft.sounds.SoundEvent@51f39482 has been registered twice for the same name treechop:chop_wood.
[07Dec2025 01:33:39.110] [main/WARN] [dev.architectury.registry.registries.forge.RegistrarManagerImpl/]: Registry entry listened Registry Entry [minecraft:entity_type / vinery:mule] was not realized!
[07Dec2025 01:33:39.110] [main/WARN] [dev.architectury.registry.registries.forge.RegistrarManagerImpl/]: Registry entry listened Registry Entry [minecraft:entity_type / bakery:wandering_baker] was not realized!
[07Dec2025 01:33:39.110] [main/WARN] [dev.architectury.registry.registries.forge.RegistrarManagerImpl/]: Registry entry listened Registry Entry [minecraft:entity_type / vinery:wandering_winemaker] was not realized!
[07Dec2025 01:33:39.552] [main/WARN] [dev.architectury.registry.registries.forge.RegistrarManagerImpl/]: Registry entry listened Registry Entry [minecraft:entity_type / vinery:mule] was not realized!
[07Dec2025 01:33:39.553] [main/WARN] [dev.architectury.registry.registries.forge.RegistrarManagerImpl/]: Registry entry listened Registry Entry [minecraft:entity_type / bakery:wandering_baker] was not realized!
[07Dec2025 01:33:39.553] [main/WARN] [dev.architectury.registry.registries.forge.RegistrarManagerImpl/]: Registry entry listened Registry Entry [minecraft:entity_type / vinery:wandering_winemaker] was not realized!
[07Dec2025 01:33:39.554] [main/WARN] [dev.architectury.registry.registries.forge.RegistrarManagerImpl/]: Registry entry listened Registry Entry [minecraft:entity_type / vinery:mule] was not realized!
[07Dec2025 01:33:39.554] [main/WARN] [dev.architectury.registry.registries.forge.RegistrarManagerImpl/]: Registry entry listened Registry Entry [minecraft:entity_type / bakery:wandering_baker] was not realized!
[07Dec2025 01:33:39.554] [main/WARN] [dev.architectury.registry.registries.forge.RegistrarManagerImpl/]: Registry entry listened Registry Entry [minecraft:entity_type / vinery:wandering_winemaker] was not realized!
[07Dec2025 01:33:39.556] [main/WARN] [dev.architectury.registry.registries.forge.RegistrarManagerImpl/]: Registry entry listened Registry Entry [minecraft:entity_type / vinery:mule] was not realized!
[07Dec2025 01:33:39.556] [main/WARN] [dev.architectury.registry.registries.forge.RegistrarManagerImpl/]: Registry entry listened Registry Entry [minecraft:entity_type / bakery:wandering_baker] was not realized!
[07Dec2025 01:33:39.556] [main/WARN] [dev.architectury.registry.registries.forge.RegistrarManagerImpl/]: Registry entry listened Registry Entry [minecraft:entity_type / vinery:wandering_winemaker] was not realized!
[07Dec2025 01:33:39.558] [main/WARN] [dev.architectury.registry.registries.forge.RegistrarManagerImpl/]: Registry entry listened Registry Entry [minecraft:entity_type / vinery:mule] was not realized!
[07Dec2025 01:33:39.558] [main/WARN] [dev.architectury.registry.registries.forge.RegistrarManagerImpl/]: Registry entry listened Registry Entry [minecraft:entity_type / vinery:wandering_winemaker] was not realized!
[07Dec2025 01:33:40.189] [main/WARN] [Easy NPC/]: [Custom Entity Data] Please define a custom index instead of using the auto-generated.
[07Dec2025 01:33:40.194] [main/INFO] [Easy NPC/]: Register data serializers ...
[07Dec2025 01:33:40.194] [main/INFO] [Easy NPC/]: - Registering Synched Attack Data for EasyNPCBaseEntity.
[07Dec2025 01:33:40.195] [main/WARN] [net.minecraft.network.syncher.SynchedEntityData/]: defineId called for: class de.markusbordihn.easynpc.entity.EasyNPCBaseEntity from interface de.markusbordihn.easynpc.entity.easynpc.data.AttackData
[07Dec2025 01:33:40.195] [main/WARN] [net.minecraft.network.syncher.SynchedEntityData/]: defineId called for: class de.markusbordihn.easynpc.entity.EasyNPCBaseEntity from interface de.markusbordihn.easynpc.entity.easynpc.data.AttackData
[07Dec2025 01:33:40.195] [main/INFO] [Easy NPC/]: - Registering Synched Attribute Data for EasyNPCBaseEntity.
[07Dec2025 01:33:40.195] [main/WARN] [net.minecraft.network.syncher.SynchedEntityData/]: defineId called for: class de.markusbordihn.easynpc.entity.EasyNPCBaseEntity from interface de.markusbordihn.easynpc.entity.easynpc.data.AttributeData
[07Dec2025 01:33:40.196] [main/WARN] [net.minecraft.network.syncher.SynchedEntityData/]: defineId called for: class de.markusbordihn.easynpc.entity.EasyNPCBaseEntity from interface de.markusbordihn.easynpc.entity.easynpc.data.AttributeData
[07Dec2025 01:33:40.196] [main/WARN] [net.minecraft.network.syncher.SynchedEntityData/]: defineId called for: class de.markusbordihn.easynpc.entity.EasyNPCBaseEntity from interface de.markusbordihn.easynpc.entity.easynpc.data.AttributeData
[07Dec2025 01:33:40.196] [main/WARN] [net.minecraft.network.syncher.SynchedEntityData/]: defineId called for: class de.markusbordihn.easynpc.entity.EasyNPCBaseEntity from interface de.markusbordihn.easynpc.entity.easynpc.data.AttributeData
[07Dec2025 01:33:40.196] [main/WARN] [net.minecraft.network.syncher.SynchedEntityData/]: defineId called for: class de.markusbordihn.easynpc.entity.EasyNPCBaseEntity from interface de.markusbordihn.easynpc.entity.easynpc.data.AttributeData
[07Dec2025 01:33:40.196] [main/WARN] [net.minecraft.network.syncher.SynchedEntityData/]: defineId called for: class de.markusbordihn.easynpc.entity.EasyNPCBaseEntity from interface de.markusbordihn.easynpc.entity.easynpc.data.AttributeData
[07Dec2025 01:33:40.196] [main/WARN] [net.minecraft.network.syncher.SynchedEntityData/]: defineId called for: class de.markusbordihn.easynpc.entity.EasyNPCBaseEntity from interface de.markusbordihn.easynpc.entity.easynpc.data.AttributeData
[07Dec2025 01:33:40.196] [main/WARN] [net.minecraft.network.syncher.SynchedEntityData/]: defineId called for: class de.markusbordihn.easynpc.entity.EasyNPCBaseEntity from interface de.markusbordihn.easynpc.entity.easynpc.data.AttributeData
[07Dec2025 01:33:40.197] [main/WARN] [net.minecraft.network.syncher.SynchedEntityData/]: defineId called for: class de.markusbordihn.easynpc.entity.EasyNPCBaseEntity from interface de.markusbordihn.easynpc.entity.easynpc.data.AttributeData
[07Dec2025 01:33:40.197] [main/WARN] [net.minecraft.network.syncher.SynchedEntityData/]: defineId called for: class de.markusbordihn.easynpc.entity.EasyNPCBaseEntity from interface de.markusbordihn.easynpc.entity.easynpc.data.AttributeData
[07Dec2025 01:33:40.197] [main/WARN] [net.minecraft.network.syncher.SynchedEntityData/]: defineId called for: class de.markusbordihn.easynpc.entity.EasyNPCBaseEntity from interface de.markusbordihn.easynpc.entity.easynpc.data.AttributeData
[07Dec2025 01:33:40.197] [main/WARN] [net.minecraft.network.syncher.SynchedEntityData/]: defineId called for: class de.markusbordihn.easynpc.entity.EasyNPCBaseEntity from interface de.markusbordihn.easynpc.entity.easynpc.data.AttributeData
[07Dec2025 01:33:40.197] [main/INFO] [Easy NPC/]: - Registering Synched Navigation Data for EasyNPCBaseEntity.
[07Dec2025 01:33:40.197] [main/WARN] [net.minecraft.network.syncher.SynchedEntityData/]: defineId called for: class de.markusbordihn.easynpc.entity.EasyNPCBaseEntity from interface de.markusbordihn.easynpc.entity.easynpc.data.NavigationData
[07Dec2025 01:33:40.197] [main/INFO] [Easy NPC/]: - Registering Synched Owner Data for EasyNPCBaseEntity.
[07Dec2025 01:33:40.198] [main/WARN] [net.minecraft.network.syncher.SynchedEntityData/]: defineId called for: class de.markusbordihn.easynpc.entity.EasyNPCBaseEntity from interface de.markusbordihn.easynpc.entity.easynpc.data.OwnerData
[07Dec2025 01:33:40.198] [main/INFO] [Easy NPC/]: - Registering Synched Profession Data for EasyNPCBaseEntity.
[07Dec2025 01:33:40.198] [main/WARN] [net.minecraft.network.syncher.SynchedEntityData/]: defineId called for: class de.markusbordihn.easynpc.entity.EasyNPCBaseEntity from interface de.markusbordihn.easynpc.entity.easynpc.data.ProfessionData
[07Dec2025 01:33:40.198] [main/INFO] [Easy NPC/]: - Registering Synched Render Data for EasyNPCBaseEntity.
[07Dec2025 01:33:40.198] [main/WARN] [net.minecraft.network.syncher.SynchedEntityData/]: defineId called for: class de.markusbordihn.easynpc.entity.EasyNPCBaseEntity from interface de.markusbordihn.easynpc.entity.easynpc.data.RenderData
[07Dec2025 01:33:40.198] [main/INFO] [Easy NPC/]: - Registering Synched Skin Data for EasyNPCBaseEntity.
[07Dec2025 01:33:40.198] [main/WARN] [net.minecraft.network.syncher.SynchedEntityData/]: defineId called for: class de.markusbordihn.easynpc.entity.EasyNPCBaseEntity from interface de.markusbordihn.easynpc.entity.easynpc.data.SkinData
[07Dec2025 01:33:40.198] [main/WARN] [net.minecraft.network.syncher.SynchedEntityData/]: defineId called for: class de.markusbordihn.easynpc.entity.EasyNPCBaseEntity from interface de.markusbordihn.easynpc.entity.easynpc.data.SkinData
[07Dec2025 01:33:40.199] [main/WARN] [net.minecraft.network.syncher.SynchedEntityData/]: defineId called for: class de.markusbordihn.easynpc.entity.EasyNPCBaseEntity from interface de.markusbordihn.easynpc.entity.easynpc.data.SkinData
[07Dec2025 01:33:40.199] [main/WARN] [net.minecraft.network.syncher.SynchedEntityData/]: defineId called for: class de.markusbordihn.easynpc.entity.EasyNPCBaseEntity from interface de.markusbordihn.easynpc.entity.easynpc.data.SkinData
[07Dec2025 01:33:40.199] [main/INFO] [Easy NPC/]: - Registering Synched Sound Data for EasyNPCBaseEntity.
[07Dec2025 01:33:40.199] [main/WARN] [net.minecraft.network.syncher.SynchedEntityData/]: defineId called for: class de.markusbordihn.easynpc.entity.EasyNPCBaseEntity from interface de.markusbordihn.easynpc.entity.easynpc.data.SoundData
[07Dec2025 01:33:40.199] [main/INFO] [Easy NPC/]: - Registering Synched Trading Data for EasyNPCBaseEntity.
[07Dec2025 01:33:40.199] [main/WARN] [net.minecraft.network.syncher.SynchedEntityData/]: defineId called for: class de.markusbordihn.easynpc.entity.EasyNPCBaseEntity from interface de.markusbordihn.easynpc.entity.easynpc.data.TradingData
[07Dec2025 01:33:40.199] [main/WARN] [net.minecraft.network.syncher.SynchedEntityData/]: defineId called for: class de.markusbordihn.easynpc.entity.EasyNPCBaseEntity from interface de.markusbordihn.easynpc.entity.easynpc.data.TradingData
[07Dec2025 01:33:40.200] [main/WARN] [net.minecraft.network.syncher.SynchedEntityData/]: defineId called for: class de.markusbordihn.easynpc.entity.EasyNPCBaseEntity from interface de.markusbordihn.easynpc.entity.easynpc.data.TradingData
[07Dec2025 01:33:40.200] [main/WARN] [net.minecraft.network.syncher.SynchedEntityData/]: defineId called for: class de.markusbordihn.easynpc.entity.EasyNPCBaseEntity from interface de.markusbordihn.easynpc.entity.easynpc.data.TradingData
[07Dec2025 01:33:40.200] [main/WARN] [net.minecraft.network.syncher.SynchedEntityData/]: defineId called for: class de.markusbordihn.easynpc.entity.EasyNPCBaseEntity from interface de.markusbordihn.easynpc.entity.easynpc.data.TradingData
[07Dec2025 01:33:40.200] [main/WARN] [net.minecraft.network.syncher.SynchedEntityData/]: defineId called for: class de.markusbordihn.easynpc.entity.EasyNPCBaseEntity from interface de.markusbordihn.easynpc.entity.easynpc.data.TradingData
[07Dec2025 01:33:40.200] [main/INFO] [Easy NPC/]: - Registering Synched Variant Data for EasyNPCBaseEntity.
[07Dec2025 01:33:40.200] [main/WARN] [net.minecraft.network.syncher.SynchedEntityData/]: defineId called for: class de.markusbordihn.easynpc.entity.EasyNPCBaseEntity from interface de.markusbordihn.easynpc.entity.easynpc.data.VariantData
[07Dec2025 01:33:40.222] [main/INFO] [Easy NPC/]: Register model data serializers for ...
[07Dec2025 01:33:40.222] [main/INFO] [Easy NPC/]: - Registering Synched Model Data for EasyNPCBaseModelEntity.
[07Dec2025 01:33:40.222] [main/WARN] [net.minecraft.network.syncher.SynchedEntityData/]: defineId called for: class de.markusbordihn.easynpc.entity.EasyNPCBaseModelEntity from interface de.markusbordihn.easynpc.entity.easynpc.data.ModelData
[07Dec2025 01:33:40.222] [main/WARN] [net.minecraft.network.syncher.SynchedEntityData/]: defineId called for: class de.markusbordihn.easynpc.entity.EasyNPCBaseModelEntity from interface de.markusbordihn.easynpc.entity.easynpc.data.ModelData
[07Dec2025 01:33:40.223] [main/WARN] [net.minecraft.network.syncher.SynchedEntityData/]: defineId called for: class de.markusbordihn.easynpc.entity.EasyNPCBaseModelEntity from interface de.markusbordihn.easynpc.entity.easynpc.data.ModelData
[07Dec2025 01:33:40.223] [main/WARN] [net.minecraft.network.syncher.SynchedEntityData/]: defineId called for: class de.markusbordihn.easynpc.entity.EasyNPCBaseModelEntity from interface de.markusbordihn.easynpc.entity.easynpc.data.ModelData
[07Dec2025 01:33:40.223] [main/WARN] [net.minecraft.network.syncher.SynchedEntityData/]: defineId called for: class de.markusbordihn.easynpc.entity.EasyNPCBaseModelEntity from interface de.markusbordihn.easynpc.entity.easynpc.data.ModelData
[07Dec2025 01:33:40.223] [main/WARN] [net.minecraft.network.syncher.SynchedEntityData/]: defineId called for: class de.markusbordihn.easynpc.entity.EasyNPCBaseModelEntity from interface de.markusbordihn.easynpc.entity.easynpc.data.ModelData
[07Dec2025 01:33:40.223] [main/WARN] [net.minecraft.network.syncher.SynchedEntityData/]: defineId called for: class de.markusbordihn.easynpc.entity.EasyNPCBaseModelEntity from interface de.markusbordihn.easynpc.entity.easynpc.data.ModelData
[07Dec2025 01:33:40.223] [main/WARN] [net.minecraft.network.syncher.SynchedEntityData/]: defineId called for: class de.markusbordihn.easynpc.entity.EasyNPCBaseModelEntity from interface de.markusbordihn.easynpc.entity.easynpc.data.ModelData
[07Dec2025 01:33:40.224] [main/WARN] [net.minecraft.network.syncher.SynchedEntityData/]: defineId called for: class de.markusbordihn.easynpc.entity.EasyNPCBaseModelEntity from interface de.markusbordihn.easynpc.entity.easynpc.data.ModelData
[07Dec2025 01:33:40.224] [main/INFO] [Easy NPC/]: - Registering Synched Model Position Data for EasyNPCBaseModelEntity.
[07Dec2025 01:33:40.224] [main/WARN] [net.minecraft.network.syncher.SynchedEntityData/]: defineId called for: class de.markusbordihn.easynpc.entity.EasyNPCBaseModelEntity from interface de.markusbordihn.easynpc.entity.easynpc.data.ModelPositionData
[07Dec2025 01:33:40.224] [main/WARN] [net.minecraft.network.syncher.SynchedEntityData/]: defineId called for: class de.markusbordihn.easynpc.entity.EasyNPCBaseModelEntity from interface de.markusbordihn.easynpc.entity.easynpc.data.ModelPositionData
[07Dec2025 01:33:40.225] [main/WARN] [net.minecraft.network.syncher.SynchedEntityData/]: defineId called for: class de.markusbordihn.easynpc.entity.EasyNPCBaseModelEntity from interface de.markusbordihn.easynpc.entity.easynpc.data.ModelPositionData
[07Dec2025 01:33:40.225] [main/WARN] [net.minecraft.network.syncher.SynchedEntityData/]: defineId called for: class de.markusbordihn.easynpc.entity.EasyNPCBaseModelEntity from interface de.markusbordihn.easynpc.entity.easynpc.data.ModelPositionData
[07Dec2025 01:33:40.225] [main/WARN] [net.minecraft.network.syncher.SynchedEntityData/]: defineId called for: class de.markusbordihn.easynpc.entity.EasyNPCBaseModelEntity from interface de.markusbordihn.easynpc.entity.easynpc.data.ModelPositionData
[07Dec2025 01:33:40.225] [main/WARN] [net.minecraft.network.syncher.SynchedEntityData/]: defineId called for: class de.markusbordihn.easynpc.entity.EasyNPCBaseModelEntity from interface de.markusbordihn.easynpc.entity.easynpc.data.ModelPositionData
[07Dec2025 01:33:40.225] [main/WARN] [net.minecraft.network.syncher.SynchedEntityData/]: defineId called for: class de.markusbordihn.easynpc.entity.EasyNPCBaseModelEntity from interface de.markusbordihn.easynpc.entity.easynpc.data.ModelPositionData
[07Dec2025 01:33:40.225] [main/INFO] [Easy NPC/]: - Registering Synched Model Rotation Data for EasyNPCBaseModelEntity.
[07Dec2025 01:33:40.225] [main/WARN] [net.minecraft.network.syncher.SynchedEntityData/]: defineId called for: class de.markusbordihn.easynpc.entity.EasyNPCBaseModelEntity from interface de.markusbordihn.easynpc.entity.easynpc.data.ModelRotationData
[07Dec2025 01:33:40.226] [main/WARN] [net.minecraft.network.syncher.SynchedEntityData/]: defineId called for: class de.markusbordihn.easynpc.entity.EasyNPCBaseModelEntity from interface de.markusbordihn.easynpc.entity.easynpc.data.ModelRotationData
[07Dec2025 01:33:40.226] [main/WARN] [net.minecraft.network.syncher.SynchedEntityData/]: defineId called for: class de.markusbordihn.easynpc.entity.EasyNPCBaseModelEntity from interface de.markusbordihn.easynpc.entity.easynpc.data.ModelRotationData
[07Dec2025 01:33:40.226] [main/WARN] [net.minecraft.network.syncher.SynchedEntityData/]: defineId called for: class de.markusbordihn.easynpc.entity.EasyNPCBaseModelEntity from interface de.markusbordihn.easynpc.entity.easynpc.data.ModelRotationData
[07Dec2025 01:33:40.226] [main/WARN] [net.minecraft.network.syncher.SynchedEntityData/]: defineId called for: class de.markusbordihn.easynpc.entity.EasyNPCBaseModelEntity from interface de.markusbordihn.easynpc.entity.easynpc.data.ModelRotationData
[07Dec2025 01:33:40.226] [main/WARN] [net.minecraft.network.syncher.SynchedEntityData/]: defineId called for: class de.markusbordihn.easynpc.entity.EasyNPCBaseModelEntity from interface de.markusbordihn.easynpc.entity.easynpc.data.ModelRotationData
[07Dec2025 01:33:40.227] [main/WARN] [net.minecraft.network.syncher.SynchedEntityData/]: defineId called for: class de.markusbordihn.easynpc.entity.EasyNPCBaseModelEntity from interface de.markusbordihn.easynpc.entity.easynpc.data.ModelRotationData
[07Dec2025 01:33:40.228] [main/WARN] [net.minecraft.network.syncher.SynchedEntityData/]: defineId called for: class de.markusbordihn.easynpc.entity.EasyNPCBaseModelEntity from interface de.markusbordihn.easynpc.entity.easynpc.data.ModelRotationData
[07Dec2025 01:33:40.228] [main/WARN] [net.minecraft.network.syncher.SynchedEntityData/]: defineId called for: class de.markusbordihn.easynpc.entity.EasyNPCBaseModelEntity from interface de.markusbordihn.easynpc.entity.easynpc.data.ModelRotationData
[07Dec2025 01:33:40.228] [main/INFO] [Easy NPC/]: - Registering Synched Model Visibility Data for EasyNPCBaseModelEntity.
[07Dec2025 01:33:40.228] [main/WARN] [net.minecraft.network.syncher.SynchedEntityData/]: defineId called for: class de.markusbordihn.easynpc.entity.EasyNPCBaseModelEntity from interface de.markusbordihn.easynpc.entity.easynpc.data.ModelVisibilityData
[07Dec2025 01:33:40.228] [main/WARN] [net.minecraft.network.syncher.SynchedEntityData/]: defineId called for: class de.markusbordihn.easynpc.entity.EasyNPCBaseModelEntity from interface de.markusbordihn.easynpc.entity.easynpc.data.ModelVisibilityData
[07Dec2025 01:33:40.230] [main/WARN] [net.minecraft.network.syncher.SynchedEntityData/]: defineId called for: class de.markusbordihn.easynpc.entity.EasyNPCBaseModelEntity from interface de.markusbordihn.easynpc.entity.easynpc.data.ModelVisibilityData
[07Dec2025 01:33:40.230] [main/WARN] [net.minecraft.network.syncher.SynchedEntityData/]: defineId called for: class de.markusbordihn.easynpc.entity.EasyNPCBaseModelEntity from interface de.markusbordihn.easynpc.entity.easynpc.data.ModelVisibilityData
[07Dec2025 01:33:40.230] [main/WARN] [net.minecraft.network.syncher.SynchedEntityData/]: defineId called for: class de.markusbordihn.easynpc.entity.EasyNPCBaseModelEntity from interface de.markusbordihn.easynpc.entity.easynpc.data.ModelVisibilityData
[07Dec2025 01:33:40.230] [main/WARN] [net.minecraft.network.syncher.SynchedEntityData/]: defineId called for: class de.markusbordihn.easynpc.entity.EasyNPCBaseModelEntity from interface de.markusbordihn.easynpc.entity.easynpc.data.ModelVisibilityData
[07Dec2025 01:33:40.231] [main/WARN] [net.minecraft.network.syncher.SynchedEntityData/]: defineId called for: class de.markusbordihn.easynpc.entity.EasyNPCBaseModelEntity from interface de.markusbordihn.easynpc.entity.easynpc.data.ModelVisibilityData
[07Dec2025 01:33:40.231] [main/WARN] [net.minecraft.network.syncher.SynchedEntityData/]: defineId called for: class de.markusbordihn.easynpc.entity.EasyNPCBaseModelEntity from interface de.markusbordihn.easynpc.entity.easynpc.data.ModelVisibilityData
[07Dec2025 01:33:40.231] [main/WARN] [net.minecraft.network.syncher.SynchedEntityData/]: defineId called for: class de.markusbordihn.easynpc.entity.EasyNPCBaseModelEntity from interface de.markusbordihn.easynpc.entity.easynpc.data.ModelVisibilityData
[07Dec2025 01:33:40.231] [main/WARN] [net.minecraft.network.syncher.SynchedEntityData/]: defineId called for: class de.markusbordihn.easynpc.entity.EasyNPCBaseModelEntity from interface de.markusbordihn.easynpc.entity.easynpc.data.ModelVisibilityData
[07Dec2025 01:33:40.231] [main/WARN] [net.minecraft.network.syncher.SynchedEntityData/]: defineId called for: class de.markusbordihn.easynpc.entity.EasyNPCBaseModelEntity from interface de.markusbordihn.easynpc.entity.easynpc.data.ModelVisibilityData
[07Dec2025 01:33:40.231] [main/INFO] [Easy NPC/]: - Registering Synched Scale Data for EasyNPCBaseModelEntity.
[07Dec2025 01:33:40.232] [main/WARN] [net.minecraft.network.syncher.SynchedEntityData/]: defineId called for: class de.markusbordihn.easynpc.entity.EasyNPCBaseModelEntity from interface de.markusbordihn.easynpc.entity.easynpc.data.ScaleData
[07Dec2025 01:33:40.232] [main/WARN] [net.minecraft.network.syncher.SynchedEntityData/]: defineId called for: class de.markusbordihn.easynpc.entity.EasyNPCBaseModelEntity from interface de.markusbordihn.easynpc.entity.easynpc.data.ScaleData
[07Dec2025 01:33:40.232] [main/WARN] [net.minecraft.network.syncher.SynchedEntityData/]: defineId called for: class de.markusbordihn.easynpc.entity.EasyNPCBaseModelEntity from interface de.markusbordihn.easynpc.entity.easynpc.data.ScaleData
[07Dec2025 01:33:40.267] [main/WARN] [net.minecraft.network.syncher.SynchedEntityData/]: defineId called for: class com.github.alexmodguy.alexscaves.server.entity.living.TremorzillaEntity from class com.github.alexmodguy.alexscaves.server.entity.living.LicowitchEntity
[07Dec2025 01:33:40.419] [modloading-worker-0/INFO] [Easy NPC/]: 🗣 Register Easy NPC Network Handler for net.minecraftforge.network.simple.SimpleChannel@63b5a548 with version 21 ...
[07Dec2025 01:33:40.530] [modloading-worker-0/INFO] [necronomicon/]: Necronomicon Initialized
[07Dec2025 01:33:40.531] [modloading-worker-0/INFO] [necronomicon/]: File exists, reading config for elocindev.necronomicon.NecronomiconConfig.
[07Dec2025 01:33:40.531] [modloading-worker-0/INFO] [necronomicon/]: Config for elocindev.necronomicon.NecronomiconConfig read successfully.
[07Dec2025 01:33:40.534] [modloading-worker-0/INFO] [necronomicon/]: there is a brick about to fall through your roof at terminal velocity
[07Dec2025 01:33:40.874] [Forge Version Check/INFO] [net.minecraftforge.fml.VersionChecker/]: [goblintraders] Starting version check at https://mrcrayfish.com/modupdatejson?id=goblintraders
[07Dec2025 01:33:41.297] [Forge Version Check/WARN] [net.minecraftforge.fml.VersionChecker/]: Failed to process update information
com.google.gson.JsonSyntaxException: java.lang.IllegalStateException: Expected BEGIN_OBJECT but was STRING at line 1 column 1 path $
	at com.google.gson.Gson.fromJson(Gson.java:1226) ~[gson-2.10.jar%2372!/:?]
	at com.google.gson.Gson.fromJson(Gson.java:1124) ~[gson-2.10.jar%2372!/:?]
	at com.google.gson.Gson.fromJson(Gson.java:1034) ~[gson-2.10.jar%2372!/:?]
	at com.google.gson.Gson.fromJson(Gson.java:969) ~[gson-2.10.jar%2372!/:?]
	at net.minecraftforge.fml.VersionChecker$1.process(VersionChecker.java:183) ~[fmlcore-1.20.1-47.3.7.jar%23262!/:?]
	at java.lang.Iterable.forEach(Iterable.java:75) ~[?:?]
	at net.minecraftforge.fml.VersionChecker$1.run(VersionChecker.java:114) ~[fmlcore-1.20.1-47.3.7.jar%23262!/:?]
Caused by: java.lang.IllegalStateException: Expected BEGIN_OBJECT but was STRING at line 1 column 1 path $
	at com.google.gson.stream.JsonReader.beginObject(JsonReader.java:393) ~[gson-2.10.jar%2372!/:?]
	at com.google.gson.internal.bind.MapTypeAdapterFactory$Adapter.read(MapTypeAdapterFactory.java:182) ~[gson-2.10.jar%2372!/:?]
	at com.google.gson.internal.bind.MapTypeAdapterFactory$Adapter.read(MapTypeAdapterFactory.java:144) ~[gson-2.10.jar%2372!/:?]
	at com.google.gson.Gson.fromJson(Gson.java:1214) ~[gson-2.10.jar%2372!/:?]
	... 6 more
[07Dec2025 01:33:41.303] [Forge Version Check/INFO] [net.minecraftforge.fml.VersionChecker/]: [mcwwindows] Starting version check at https://raw.githubusercontent.com/sketchmacaw/macawsmods/master/window.json
[07Dec2025 01:33:41.311] [main/INFO] [journeymap/]: Initializing Packet Registries
[07Dec2025 01:33:41.336] [main/INFO] [ribbits/]: Registering Ribbit umbrella types...
[07Dec2025 01:33:41.336] [main/INFO] [ribbits/]: Registering Ribbit professions...
[07Dec2025 01:33:41.336] [main/INFO] [ribbits/]: Registering Ribbit instruments...
[07Dec2025 01:33:41.338] [main/INFO] [ribbits/]: Registering Ribbit data serializers...
[07Dec2025 01:33:41.363] [main/INFO] [terrablender/]: Registered region minecraft:overworld to index 0 for type OVERWORLD
[07Dec2025 01:33:41.363] [main/INFO] [terrablender/]: Registered region minecraft:nether to index 0 for type NETHER
[07Dec2025 01:33:41.364] [main/INFO] [terrablender/]: Registered region biomesoplenty:overworld_primary to index 1 for type OVERWORLD
[07Dec2025 01:33:41.364] [main/INFO] [terrablender/]: Registered region biomesoplenty:overworld_secondary to index 2 for type OVERWORLD
[07Dec2025 01:33:41.364] [main/INFO] [terrablender/]: Registered region biomesoplenty:overworld_rare to index 3 for type OVERWORLD
[07Dec2025 01:33:41.364] [main/INFO] [terrablender/]: Registered region biomesoplenty:nether_common to index 1 for type NETHER
[07Dec2025 01:33:41.364] [main/INFO] [terrablender/]: Registered region biomesoplenty:nether_rare to index 2 for type NETHER
[07Dec2025 01:33:41.364] [Forge Version Check/INFO] [net.minecraftforge.fml.VersionChecker/]: [mcwwindows] Found status: OUTDATED Current: 2.3.0 Target: 2.4.1
[07Dec2025 01:33:41.365] [Forge Version Check/INFO] [net.minecraftforge.fml.VersionChecker/]: [obscure_api] Starting version check at https://raw.githubusercontent.com/ObscuriaLithium/Home/main/obscure_api/versions.json
[07Dec2025 01:33:41.379] [Forge Version Check/WARN] [net.minecraftforge.fml.VersionChecker/]: Failed to process update information
com.google.gson.JsonSyntaxException: java.lang.IllegalStateException: Expected BEGIN_OBJECT but was NUMBER at line 1 column 4 path $
	at com.google.gson.Gson.fromJson(Gson.java:1226) ~[gson-2.10.jar%2372!/:?]
	at com.google.gson.Gson.fromJson(Gson.java:1124) ~[gson-2.10.jar%2372!/:?]
	at com.google.gson.Gson.fromJson(Gson.java:1034) ~[gson-2.10.jar%2372!/:?]
	at com.google.gson.Gson.fromJson(Gson.java:969) ~[gson-2.10.jar%2372!/:?]
	at net.minecraftforge.fml.VersionChecker$1.process(VersionChecker.java:183) ~[fmlcore-1.20.1-47.3.7.jar%23262!/:?]
	at java.lang.Iterable.forEach(Iterable.java:75) ~[?:?]
	at net.minecraftforge.fml.VersionChecker$1.run(VersionChecker.java:114) ~[fmlcore-1.20.1-47.3.7.jar%23262!/:?]
Caused by: java.lang.IllegalStateException: Expected BEGIN_OBJECT but was NUMBER at line 1 column 4 path $
	at com.google.gson.stream.JsonReader.beginObject(JsonReader.java:393) ~[gson-2.10.jar%2372!/:?]
	at com.google.gson.internal.bind.MapTypeAdapterFactory$Adapter.read(MapTypeAdapterFactory.java:182) ~[gson-2.10.jar%2372!/:?]
	at com.google.gson.internal.bind.MapTypeAdapterFactory$Adapter.read(MapTypeAdapterFactory.java:144) ~[gson-2.10.jar%2372!/:?]
	at com.google.gson.Gson.fromJson(Gson.java:1214) ~[gson-2.10.jar%2372!/:?]
	... 6 more
[07Dec2025 01:33:41.382] [Forge Version Check/INFO] [net.minecraftforge.fml.VersionChecker/]: [journeymap] Starting version check at https://forge.curseupdate.com/32274/journeymap
[07Dec2025 01:33:41.535] [Forge Version Check/INFO] [net.minecraftforge.fml.VersionChecker/]: [journeymap] Found status: OUTDATED Current: 5.10.1 Target: 5.10.3
[07Dec2025 01:33:41.536] [Forge Version Check/INFO] [net.minecraftforge.fml.VersionChecker/]: [forge] Starting version check at https://files.minecraftforge.net/net/minecraftforge/forge/promotions_slim.json
[07Dec2025 01:33:41.571] [main/INFO] [Framework/SYNCED_ENTITY_DATA]: Registered synced data key refurbished_furniture:lock_yaw for refurbished_furniture:seat
[07Dec2025 01:33:41.621] [modloading-worker-0/INFO] [io.redspace.ironsspellbooks.IronsSpellbooks/]: Got IMC []
[07Dec2025 01:33:41.645] [modloading-worker-0/INFO] [net.xalcon.torchmaster.Torchmaster/]: Applying mega torch entity block list overrides...
[07Dec2025 01:33:41.647] [modloading-worker-0/INFO] [net.xalcon.torchmaster.Torchmaster/]: Applying dread lamp entity block list overrides...
[07Dec2025 01:33:41.648] [Forge Version Check/INFO] [net.minecraftforge.fml.VersionChecker/]: [forge] Found status: OUTDATED Current: 47.3.7 Target: 47.4.10
[07Dec2025 01:33:41.648] [Forge Version Check/INFO] [net.minecraftforge.fml.VersionChecker/]: [gravestone] Starting version check at https://update.maxhenkel.de/forge/gravestone
[07Dec2025 01:33:42.344] [Forge Version Check/INFO] [net.minecraftforge.fml.VersionChecker/]: [gravestone] Found status: OUTDATED Current: 1.20.1-1.0.24 Target: 1.20.1-1.0.35
[07Dec2025 01:33:42.347] [Forge Version Check/INFO] [net.minecraftforge.fml.VersionChecker/]: [camera] Starting version check at https://update.maxhenkel.de/forge/camera
[07Dec2025 01:33:42.451] [Forge Version Check/INFO] [net.minecraftforge.fml.VersionChecker/]: [camera] Found status: OUTDATED Current: 1.20.1-1.0.14 Target: 1.20.1-1.0.20
[07Dec2025 01:33:42.452] [Forge Version Check/INFO] [net.minecraftforge.fml.VersionChecker/]: [securitycraft] Starting version check at https://www.github.com/Geforce132/SecurityCraft/raw/master/Updates/Forge.json
[07Dec2025 01:33:42.581] [Forge Version Check/INFO] [net.minecraftforge.fml.VersionChecker/]: [securitycraft] Found status: OUTDATED Current: 1.10.0.1 Target: 1.10.1
[07Dec2025 01:33:42.581] [Forge Version Check/INFO] [net.minecraftforge.fml.VersionChecker/]: [mcwfurnitures] Starting version check at https://raw.githubusercontent.com/sketchmacaw/macawsmods/master/furniture.json
[07Dec2025 01:33:42.597] [Forge Version Check/INFO] [net.minecraftforge.fml.VersionChecker/]: [mcwfurnitures] Found status: OUTDATED Current: 3.3.0 Target: 3.4.1
[07Dec2025 01:33:42.597] [Forge Version Check/INFO] [net.minecraftforge.fml.VersionChecker/]: [refurbished_furniture] Starting version check at https://mrcrayfish.com/api/mod_update/forge/refurbished_furniture
[07Dec2025 01:33:42.623] [Forge Version Check/WARN] [net.minecraftforge.fml.VersionChecker/]: Failed to process update information
com.google.gson.JsonSyntaxException: java.lang.IllegalStateException: Expected BEGIN_OBJECT but was STRING at line 1 column 1 path $
	at com.google.gson.Gson.fromJson(Gson.java:1226) ~[gson-2.10.jar%2372!/:?]
	at com.google.gson.Gson.fromJson(Gson.java:1124) ~[gson-2.10.jar%2372!/:?]
	at com.google.gson.Gson.fromJson(Gson.java:1034) ~[gson-2.10.jar%2372!/:?]
	at com.google.gson.Gson.fromJson(Gson.java:969) ~[gson-2.10.jar%2372!/:?]
	at net.minecraftforge.fml.VersionChecker$1.process(VersionChecker.java:183) ~[fmlcore-1.20.1-47.3.7.jar%23262!/:?]
	at java.lang.Iterable.forEach(Iterable.java:75) ~[?:?]
	at net.minecraftforge.fml.VersionChecker$1.run(VersionChecker.java:114) ~[fmlcore-1.20.1-47.3.7.jar%23262!/:?]
Caused by: java.lang.IllegalStateException: Expected BEGIN_OBJECT but was STRING at line 1 column 1 path $
	at com.google.gson.stream.JsonReader.beginObject(JsonReader.java:393) ~[gson-2.10.jar%2372!/:?]
	at com.google.gson.internal.bind.MapTypeAdapterFactory$Adapter.read(MapTypeAdapterFactory.java:182) ~[gson-2.10.jar%2372!/:?]
	at com.google.gson.internal.bind.MapTypeAdapterFactory$Adapter.read(MapTypeAdapterFactory.java:144) ~[gson-2.10.jar%2372!/:?]
	at com.google.gson.Gson.fromJson(Gson.java:1214) ~[gson-2.10.jar%2372!/:?]
	... 6 more
[07Dec2025 01:33:42.624] [Forge Version Check/INFO] [net.minecraftforge.fml.VersionChecker/]: [framework] Starting version check at https://mrcrayfish.com/modupdatejson?id=framework
[07Dec2025 01:33:42.651] [Forge Version Check/WARN] [net.minecraftforge.fml.VersionChecker/]: Failed to process update information
com.google.gson.JsonSyntaxException: java.lang.IllegalStateException: Expected BEGIN_OBJECT but was STRING at line 1 column 1 path $
	at com.google.gson.Gson.fromJson(Gson.java:1226) ~[gson-2.10.jar%2372!/:?]
	at com.google.gson.Gson.fromJson(Gson.java:1124) ~[gson-2.10.jar%2372!/:?]
	at com.google.gson.Gson.fromJson(Gson.java:1034) ~[gson-2.10.jar%2372!/:?]
	at com.google.gson.Gson.fromJson(Gson.java:969) ~[gson-2.10.jar%2372!/:?]
	at net.minecraftforge.fml.VersionChecker$1.process(VersionChecker.java:183) ~[fmlcore-1.20.1-47.3.7.jar%23262!/:?]
	at java.lang.Iterable.forEach(Iterable.java:75) ~[?:?]
	at net.minecraftforge.fml.VersionChecker$1.run(VersionChecker.java:114) ~[fmlcore-1.20.1-47.3.7.jar%23262!/:?]
Caused by: java.lang.IllegalStateException: Expected BEGIN_OBJECT but was STRING at line 1 column 1 path $
	at com.google.gson.stream.JsonReader.beginObject(JsonReader.java:393) ~[gson-2.10.jar%2372!/:?]
	at com.google.gson.internal.bind.MapTypeAdapterFactory$Adapter.read(MapTypeAdapterFactory.java:182) ~[gson-2.10.jar%2372!/:?]
	at com.google.gson.internal.bind.MapTypeAdapterFactory$Adapter.read(MapTypeAdapterFactory.java:144) ~[gson-2.10.jar%2372!/:?]
	at com.google.gson.Gson.fromJson(Gson.java:1214) ~[gson-2.10.jar%2372!/:?]
	... 6 more
[07Dec2025 01:33:42.652] [Forge Version Check/INFO] [net.minecraftforge.fml.VersionChecker/]: [aquamirae] Starting version check at https://raw.githubusercontent.com/ObscuriaLithium/Home/main/aquamirae/versions.json
[07Dec2025 01:33:42.663] [Forge Version Check/WARN] [net.minecraftforge.fml.VersionChecker/]: Failed to process update information
com.google.gson.JsonSyntaxException: java.lang.IllegalStateException: Expected BEGIN_OBJECT but was NUMBER at line 1 column 4 path $
	at com.google.gson.Gson.fromJson(Gson.java:1226) ~[gson-2.10.jar%2372!/:?]
	at com.google.gson.Gson.fromJson(Gson.java:1124) ~[gson-2.10.jar%2372!/:?]
	at com.google.gson.Gson.fromJson(Gson.java:1034) ~[gson-2.10.jar%2372!/:?]
	at com.google.gson.Gson.fromJson(Gson.java:969) ~[gson-2.10.jar%2372!/:?]
	at net.minecraftforge.fml.VersionChecker$1.process(VersionChecker.java:183) ~[fmlcore-1.20.1-47.3.7.jar%23262!/:?]
	at java.lang.Iterable.forEach(Iterable.java:75) ~[?:?]
	at net.minecraftforge.fml.VersionChecker$1.run(VersionChecker.java:114) ~[fmlcore-1.20.1-47.3.7.jar%23262!/:?]
Caused by: java.lang.IllegalStateException: Expected BEGIN_OBJECT but was NUMBER at line 1 column 4 path $
	at com.google.gson.stream.JsonReader.beginObject(JsonReader.java:393) ~[gson-2.10.jar%2372!/:?]
	at com.google.gson.internal.bind.MapTypeAdapterFactory$Adapter.read(MapTypeAdapterFactory.java:182) ~[gson-2.10.jar%2372!/:?]
	at com.google.gson.internal.bind.MapTypeAdapterFactory$Adapter.read(MapTypeAdapterFactory.java:144) ~[gson-2.10.jar%2372!/:?]
	at com.google.gson.Gson.fromJson(Gson.java:1214) ~[gson-2.10.jar%2372!/:?]
	... 6 more
[07Dec2025 01:33:50.274] [main/INFO] [com.mojang.authlib.yggdrasil.YggdrasilAuthenticationService/]: Environment: authHost='https://authserver.mojang.com', accountsHost='https://api.mojang.com', sessionHost='https://sessionserver.mojang.com', servicesHost='https://api.minecraftservices.com', name='PROD'
[07Dec2025 01:33:56.879] [main/WARN] [net.minecraft.server.packs.VanillaPackResourcesBuilder/]: Assets URL 'union:/workspaces/Repositorioxd/servidor_minecraft/libraries/net/minecraft/server/1.20.1-20230612.114412/server-1.20.1-20230612.114412-srg.jar%23261!/assets/.mcassetsroot' uses unexpected schema
[07Dec2025 01:33:56.879] [main/WARN] [net.minecraft.server.packs.VanillaPackResourcesBuilder/]: Assets URL 'union:/workspaces/Repositorioxd/servidor_minecraft/libraries/net/minecraft/server/1.20.1-20230612.114412/server-1.20.1-20230612.114412-srg.jar%23261!/data/.mcassetsroot' uses unexpected schema
[07Dec2025 01:33:57.078] [main/INFO] [com.simibubi.create.Create/]: Created 413 recipes which will be injected into the game
[07Dec2025 01:33:57.095] [main/INFO] [com.simibubi.create.Create/]: Created 22 tags which will be injected into the game
[07Dec2025 01:33:59.612] [main/INFO] [Easy NPC/]: 🗣 Register Easy NPC /easy_npc commands for Easy NPC ...
[07Dec2025 01:34:00.840] [Worker-Main-3/ERROR] [net.minecraftforge.common.ForgeHooks/]: Couldn't parse element loot_tables:redeco:blocks/soul_terrarium
com.google.gson.JsonSyntaxException: Expected name to be an item, was unknown string 'redeco:soul_terrarium'
	at net.minecraft.util.GsonHelper.m_13866_(GsonHelper.java:145) ~[server-1.20.1-20230612.114412-srg.jar%23261!/:?]
	at java.util.Optional.orElseThrow(Optional.java:403) ~[?:?]
	at net.minecraft.util.GsonHelper.m_13874_(GsonHelper.java:145) ~[server-1.20.1-20230612.114412-srg.jar%23261!/:?]
	at net.minecraft.util.GsonHelper.m_13909_(GsonHelper.java:153) ~[server-1.20.1-20230612.114412-srg.jar%23261!/:?]
	at net.minecraft.world.level.storage.loot.entries.LootItem$Serializer.m_7267_(LootItem.java:55) ~[server-1.20.1-20230612.114412-srg.jar%23261!/:?]
	at net.minecraft.world.level.storage.loot.entries.LootItem$Serializer.m_7267_(LootItem.java:40) ~[server-1.20.1-20230612.114412-srg.jar%23261!/:?]
	at net.minecraft.world.level.storage.loot.entries.LootPoolSingletonContainer$Serializer.m_5921_(LootPoolSingletonContainer.java:151) ~[server-1.20.1-20230612.114412-srg.jar%23261!/:?]
	at net.minecraft.world.level.storage.loot.entries.LootPoolSingletonContainer$Serializer.m_5921_(LootPoolSingletonContainer.java:129) ~[server-1.20.1-20230612.114412-srg.jar%23261!/:?]
	at net.minecraft.world.level.storage.loot.entries.LootPoolEntryContainer$Serializer.m_7561_(LootPoolEntryContainer.java:86) ~[server-1.20.1-20230612.114412-srg.jar%23261!/:?]
	at net.minecraft.world.level.storage.loot.entries.LootPoolEntryContainer$Serializer.m_7561_(LootPoolEntryContainer.java:74) ~[server-1.20.1-20230612.114412-srg.jar%23261!/:?]
	at net.minecraft.world.level.storage.loot.GsonAdapterFactory$JsonAdapter.deserialize(GsonAdapterFactory.java:102) ~[server-1.20.1-20230612.114412-srg.jar%23261!/:?]
	at com.google.gson.internal.bind.TreeTypeAdapter.read(TreeTypeAdapter.java:76) ~[gson-2.10.jar%2372!/:?]
	at com.google.gson.internal.bind.TypeAdapterRuntimeTypeWrapper.read(TypeAdapterRuntimeTypeWrapper.java:40) ~[gson-2.10.jar%2372!/:?]
	at com.google.gson.internal.bind.ArrayTypeAdapter.read(ArrayTypeAdapter.java:72) ~[gson-2.10.jar%2372!/:?]
	at com.google.gson.Gson.fromJson(Gson.java:1214) ~[gson-2.10.jar%2372!/:?]
	at com.google.gson.Gson.fromJson(Gson.java:1319) ~[gson-2.10.jar%2372!/:?]
	at com.google.gson.Gson.fromJson(Gson.java:1290) ~[gson-2.10.jar%2372!/:?]
	at com.google.gson.internal.bind.TreeTypeAdapter$GsonContextImpl.deserialize(TreeTypeAdapter.java:179) ~[gson-2.10.jar%2372!/:?]
	at net.minecraft.util.GsonHelper.m_13808_(GsonHelper.java:463) ~[server-1.20.1-20230612.114412-srg.jar%23261!/:?]
	at net.minecraft.util.GsonHelper.m_13836_(GsonHelper.java:471) ~[server-1.20.1-20230612.114412-srg.jar%23261!/:?]
	at net.minecraft.world.level.storage.loot.LootPool$Serializer.deserialize(LootPool.java:192) ~[server-1.20.1-20230612.114412-srg.jar%23261!/:?]
	at net.minecraft.world.level.storage.loot.LootPool$Serializer.deserialize(LootPool.java:189) ~[server-1.20.1-20230612.114412-srg.jar%23261!/:?]
	at com.google.gson.internal.bind.TreeTypeAdapter.read(TreeTypeAdapter.java:76) ~[gson-2.10.jar%2372!/:?]
	at com.google.gson.internal.bind.TypeAdapterRuntimeTypeWrapper.read(TypeAdapterRuntimeTypeWrapper.java:40) ~[gson-2.10.jar%2372!/:?]
	at com.google.gson.internal.bind.ArrayTypeAdapter.read(ArrayTypeAdapter.java:72) ~[gson-2.10.jar%2372!/:?]
	at com.google.gson.Gson.fromJson(Gson.java:1214) ~[gson-2.10.jar%2372!/:?]
	at com.google.gson.Gson.fromJson(Gson.java:1319) ~[gson-2.10.jar%2372!/:?]
	at com.google.gson.Gson.fromJson(Gson.java:1290) ~[gson-2.10.jar%2372!/:?]
	at com.google.gson.internal.bind.TreeTypeAdapter$GsonContextImpl.deserialize(TreeTypeAdapter.java:179) ~[gson-2.10.jar%2372!/:?]
	at net.minecraft.util.GsonHelper.m_13808_(GsonHelper.java:463) ~[server-1.20.1-20230612.114412-srg.jar%23261!/:?]
	at net.minecraft.util.GsonHelper.m_13845_(GsonHelper.java:481) ~[server-1.20.1-20230612.114412-srg.jar%23261!/:?]
	at net.minecraft.world.level.storage.loot.LootTable$Serializer.deserialize(LootTable.java:294) ~[server-1.20.1-20230612.114412-srg.jar%23261!/:?]
	at net.minecraft.world.level.storage.loot.LootTable$Serializer.deserialize(LootTable.java:291) ~[server-1.20.1-20230612.114412-srg.jar%23261!/:?]
	at com.google.gson.internal.bind.TreeTypeAdapter.read(TreeTypeAdapter.java:76) ~[gson-2.10.jar%2372!/:?]
	at com.google.gson.Gson.fromJson(Gson.java:1214) ~[gson-2.10.jar%2372!/:?]
	at com.google.gson.Gson.fromJson(Gson.java:1319) ~[gson-2.10.jar%2372!/:?]
	at com.google.gson.Gson.fromJson(Gson.java:1261) ~[gson-2.10.jar%2372!/:?]
	at net.minecraftforge.common.ForgeHooks.loadLootTable(ForgeHooks.java:871) ~[forge-1.20.1-47.3.7-universal.jar%23266!/:?]
	at net.minecraftforge.common.ForgeHooks.lambda$getLootTableDeserializer$3(ForgeHooks.java:848) ~[forge-1.20.1-47.3.7-universal.jar%23266!/:?]
	at net.minecraft.world.level.storage.loot.LootDataType.deserialize(LootDataType.java:45) ~[server-1.20.1-20230612.114412-srg.jar%23261!/:?]
	at net.minecraft.world.level.storage.loot.LootDataManager.lambda$scheduleElementParse$4(LootDataManager.java:56) ~[server-1.20.1-20230612.114412-srg.jar%23261!/:?]
	at java.util.HashMap.forEach(HashMap.java:1421) ~[?:?]
	at net.minecraft.world.level.storage.loot.LootDataManager.m_278660_(LootDataManager.java:55) ~[server-1.20.1-20230612.114412-srg.jar%23261!/:?]
	at java.util.concurrent.CompletableFuture$AsyncRun.run(CompletableFuture.java:1804) ~[?:?]
	at java.util.concurrent.CompletableFuture$AsyncRun.exec(CompletableFuture.java:1796) ~[?:?]
	at java.util.concurrent.ForkJoinTask.doExec(ForkJoinTask.java:373) ~[?:?]
	at java.util.concurrent.ForkJoinPool$WorkQueue.topLevelExec(ForkJoinPool.java:1182) ~[?:?]
	at java.util.concurrent.ForkJoinPool.scan(ForkJoinPool.java:1655) ~[?:?]
	at java.util.concurrent.ForkJoinPool.runWorker(ForkJoinPool.java:1622) ~[?:?]
	at java.util.concurrent.ForkJoinWorkerThread.run(ForkJoinWorkerThread.java:165) ~[?:?]
[07Dec2025 01:34:01.424] [main/ERROR] [net.minecraft.world.item.crafting.RecipeManager/]: Parsing error loading recipe irons_spellbooks:curios/concentration_amulet
com.google.gson.JsonSyntaxException: Unknown item 'irons_spellbooks:mithril_ingot'
	at net.minecraft.world.item.crafting.ShapedRecipe.m_151280_(ShapedRecipe.java:292) ~[server-1.20.1-20230612.114412-srg.jar%23261!/:?]
	at java.util.Optional.orElseThrow(Optional.java:403) ~[?:?]
	at net.minecraft.world.item.crafting.ShapedRecipe.m_151278_(ShapedRecipe.java:291) ~[server-1.20.1-20230612.114412-srg.jar%23261!/:?]
	at net.minecraft.world.item.crafting.Ingredient.m_43919_(Ingredient.java:219) ~[server-1.20.1-20230612.114412-srg.jar%23261!/:?]
	at net.minecraftforge.common.crafting.VanillaIngredientSerializer.parse(VanillaIngredientSerializer.java:27) ~[forge-1.20.1-47.3.7-universal.jar%23266!/:?]
	at net.minecraftforge.common.crafting.CraftingHelper.getIngredient(CraftingHelper.java:148) ~[forge-1.20.1-47.3.7-universal.jar%23266!/:?]
	at net.minecraft.world.item.crafting.Ingredient.m_288218_(Ingredient.java:194) ~[server-1.20.1-20230612.114412-srg.jar%23261!/:?]
	at net.minecraft.world.item.crafting.ShapedRecipe.m_44210_(ShapedRecipe.java:278) ~[server-1.20.1-20230612.114412-srg.jar%23261!/:?]
	at net.minecraft.world.item.crafting.ShapedRecipe$Serializer.m_6729_(ShapedRecipe.java:306) ~[server-1.20.1-20230612.114412-srg.jar%23261!/:?]
	at net.minecraft.world.item.crafting.ShapedRecipe$Serializer.m_6729_(ShapedRecipe.java:301) ~[server-1.20.1-20230612.114412-srg.jar%23261!/:?]
	at net.minecraftforge.common.extensions.IForgeRecipeSerializer.fromJson(IForgeRecipeSerializer.java:23) ~[forge-1.20.1-47.3.7-universal.jar%23266!/:?]
	at net.minecraft.world.item.crafting.RecipeManager.fromJson(RecipeManager.java:171) ~[server-1.20.1-20230612.114412-srg.jar%23261!/:?]
	at net.minecraft.world.item.crafting.RecipeManager.m_5787_(RecipeManager.java:67) ~[server-1.20.1-20230612.114412-srg.jar%23261!/:?]
	at net.minecraft.world.item.crafting.RecipeManager.m_5787_(RecipeManager.java:34) ~[server-1.20.1-20230612.114412-srg.jar%23261!/:?]
	at net.minecraft.server.packs.resources.SimplePreparableReloadListener.m_10789_(SimplePreparableReloadListener.java:13) ~[server-1.20.1-20230612.114412-srg.jar%23261!/:?]
	at java.util.concurrent.CompletableFuture$UniAccept.tryFire(CompletableFuture.java:718) ~[?:?]
	at java.util.concurrent.CompletableFuture$Completion.run(CompletableFuture.java:482) ~[?:?]
	at net.minecraft.server.packs.resources.SimpleReloadInstance.m_143940_(SimpleReloadInstance.java:69) ~[server-1.20.1-20230612.114412-srg.jar%23261!/:?]
	at net.minecraft.Util.m_214652_(Util.java:783) ~[server-1.20.1-20230612.114412-srg.jar%23261!/:?]
	at net.minecraft.Util.m_214679_(Util.java:772) ~[server-1.20.1-20230612.114412-srg.jar%23261!/:?]
	at net.minecraft.server.Main.main(Main.java:166) ~[server-1.20.1-20230612.114412-srg.jar%23261!/:?]
	at jdk.internal.reflect.NativeMethodAccessorImpl.invoke0(Native Method) ~[?:?]
	at jdk.internal.reflect.NativeMethodAccessorImpl.invoke(NativeMethodAccessorImpl.java:77) ~[?:?]
	at jdk.internal.reflect.DelegatingMethodAccessorImpl.invoke(DelegatingMethodAccessorImpl.java:43) ~[?:?]
	at java.lang.reflect.Method.invoke(Method.java:569) ~[?:?]
	at net.minecraftforge.fml.loading.targets.CommonLaunchHandler.runTarget(CommonLaunchHandler.java:111) ~[fmlloader-1.20.1-47.3.7.jar%2369!/:?]
	at net.minecraftforge.fml.loading.targets.CommonLaunchHandler.serverService(CommonLaunchHandler.java:103) ~[fmlloader-1.20.1-47.3.7.jar%2369!/:?]
	at net.minecraftforge.fml.loading.targets.CommonServerLaunchHandler.lambda$makeService$0(CommonServerLaunchHandler.java:27) ~[fmlloader-1.20.1-47.3.7.jar%2369!/:?]
	at cpw.mods.modlauncher.LaunchServiceHandlerDecorator.launch(LaunchServiceHandlerDecorator.java:30) ~[modlauncher-10.0.9.jar%2355!/:?]
	at cpw.mods.modlauncher.LaunchServiceHandler.launch(LaunchServiceHandler.java:53) ~[modlauncher-10.0.9.jar%2355!/:?]
	at cpw.mods.modlauncher.LaunchServiceHandler.launch(LaunchServiceHandler.java:71) ~[modlauncher-10.0.9.jar%2355!/:?]
	at cpw.mods.modlauncher.Launcher.run(Launcher.java:108) ~[modlauncher-10.0.9.jar%2355!/:?]
	at cpw.mods.modlauncher.Launcher.main(Launcher.java:78) ~[modlauncher-10.0.9.jar%2355!/:?]
	at cpw.mods.modlauncher.BootstrapLaunchConsumer.accept(BootstrapLaunchConsumer.java:26) ~[modlauncher-10.0.9.jar%2355!/:?]
	at cpw.mods.modlauncher.BootstrapLaunchConsumer.accept(BootstrapLaunchConsumer.java:23) ~[modlauncher-10.0.9.jar%2355!/:?]
	at cpw.mods.bootstraplauncher.BootstrapLauncher.main(BootstrapLauncher.java:141) ~[bootstraplauncher-1.1.2.jar:?]
[07Dec2025 01:34:01.545] [main/ERROR] [net.minecraft.world.item.crafting.RecipeManager/]: Parsing error loading recipe slashblade_addon:slashblade_tofu_ishi
com.google.gson.JsonSyntaxException: Unknown item 'tofucraft:tofuishi'
	at net.minecraft.world.item.crafting.ShapedRecipe.m_151280_(ShapedRecipe.java:292) ~[server-1.20.1-20230612.114412-srg.jar%23261!/:?]
	at java.util.Optional.orElseThrow(Optional.java:403) ~[?:?]
	at net.minecraft.world.item.crafting.ShapedRecipe.m_151278_(ShapedRecipe.java:291) ~[server-1.20.1-20230612.114412-srg.jar%23261!/:?]
	at net.minecraft.world.item.crafting.Ingredient.m_43919_(Ingredient.java:219) ~[server-1.20.1-20230612.114412-srg.jar%23261!/:?]
	at net.minecraftforge.common.crafting.VanillaIngredientSerializer.parse(VanillaIngredientSerializer.java:27) ~[forge-1.20.1-47.3.7-universal.jar%23266!/:?]
	at net.minecraftforge.common.crafting.CraftingHelper.getIngredient(CraftingHelper.java:148) ~[forge-1.20.1-47.3.7-universal.jar%23266!/:?]
	at net.minecraft.world.item.crafting.Ingredient.m_288218_(Ingredient.java:194) ~[server-1.20.1-20230612.114412-srg.jar%23261!/:?]
	at net.minecraft.world.item.crafting.ShapedRecipe.m_44210_(ShapedRecipe.java:278) ~[server-1.20.1-20230612.114412-srg.jar%23261!/:?]
	at net.minecraft.world.item.crafting.ShapedRecipe$Serializer.m_6729_(ShapedRecipe.java:306) ~[server-1.20.1-20230612.114412-srg.jar%23261!/:?]
	at net.minecraft.world.item.crafting.ShapedRecipe$Serializer.m_6729_(ShapedRecipe.java:301) ~[server-1.20.1-20230612.114412-srg.jar%23261!/:?]
	at mods.flammpfeil.slashblade.recipe.SlashBladeShapedRecipeSerializer.m_6729_(SlashBladeShapedRecipeSerializer.java:26) ~[SlashBladeResharped-1.20.1-0.7.3.jar%23244!/:0.7.3]
	at net.minecraftforge.common.extensions.IForgeRecipeSerializer.fromJson(IForgeRecipeSerializer.java:23) ~[forge-1.20.1-47.3.7-universal.jar%23266!/:?]
	at net.minecraft.world.item.crafting.RecipeManager.fromJson(RecipeManager.java:171) ~[server-1.20.1-20230612.114412-srg.jar%23261!/:?]
	at net.minecraft.world.item.crafting.RecipeManager.m_5787_(RecipeManager.java:67) ~[server-1.20.1-20230612.114412-srg.jar%23261!/:?]
	at net.minecraft.world.item.crafting.RecipeManager.m_5787_(RecipeManager.java:34) ~[server-1.20.1-20230612.114412-srg.jar%23261!/:?]
	at net.minecraft.server.packs.resources.SimplePreparableReloadListener.m_10789_(SimplePreparableReloadListener.java:13) ~[server-1.20.1-20230612.114412-srg.jar%23261!/:?]
	at java.util.concurrent.CompletableFuture$UniAccept.tryFire(CompletableFuture.java:718) ~[?:?]
	at java.util.concurrent.CompletableFuture$Completion.run(CompletableFuture.java:482) ~[?:?]
	at net.minecraft.server.packs.resources.SimpleReloadInstance.m_143940_(SimpleReloadInstance.java:69) ~[server-1.20.1-20230612.114412-srg.jar%23261!/:?]
	at net.minecraft.Util.m_214652_(Util.java:783) ~[server-1.20.1-20230612.114412-srg.jar%23261!/:?]
	at net.minecraft.Util.m_214679_(Util.java:772) ~[server-1.20.1-20230612.114412-srg.jar%23261!/:?]
	at net.minecraft.server.Main.main(Main.java:166) ~[server-1.20.1-20230612.114412-srg.jar%23261!/:?]
	at jdk.internal.reflect.NativeMethodAccessorImpl.invoke0(Native Method) ~[?:?]
	at jdk.internal.reflect.NativeMethodAccessorImpl.invoke(NativeMethodAccessorImpl.java:77) ~[?:?]
	at jdk.internal.reflect.DelegatingMethodAccessorImpl.invoke(DelegatingMethodAccessorImpl.java:43) ~[?:?]
	at java.lang.reflect.Method.invoke(Method.java:569) ~[?:?]
	at net.minecraftforge.fml.loading.targets.CommonLaunchHandler.runTarget(CommonLaunchHandler.java:111) ~[fmlloader-1.20.1-47.3.7.jar%2369!/:?]
	at net.minecraftforge.fml.loading.targets.CommonLaunchHandler.serverService(CommonLaunchHandler.java:103) ~[fmlloader-1.20.1-47.3.7.jar%2369!/:?]
	at net.minecraftforge.fml.loading.targets.CommonServerLaunchHandler.lambda$makeService$0(CommonServerLaunchHandler.java:27) ~[fmlloader-1.20.1-47.3.7.jar%2369!/:?]
	at cpw.mods.modlauncher.LaunchServiceHandlerDecorator.launch(LaunchServiceHandlerDecorator.java:30) ~[modlauncher-10.0.9.jar%2355!/:?]
	at cpw.mods.modlauncher.LaunchServiceHandler.launch(LaunchServiceHandler.java:53) ~[modlauncher-10.0.9.jar%2355!/:?]
	at cpw.mods.modlauncher.LaunchServiceHandler.launch(LaunchServiceHandler.java:71) ~[modlauncher-10.0.9.jar%2355!/:?]
	at cpw.mods.modlauncher.Launcher.run(Launcher.java:108) ~[modlauncher-10.0.9.jar%2355!/:?]
	at cpw.mods.modlauncher.Launcher.main(Launcher.java:78) ~[modlauncher-10.0.9.jar%2355!/:?]
	at cpw.mods.modlauncher.BootstrapLaunchConsumer.accept(BootstrapLaunchConsumer.java:26) ~[modlauncher-10.0.9.jar%2355!/:?]
	at cpw.mods.modlauncher.BootstrapLaunchConsumer.accept(BootstrapLaunchConsumer.java:23) ~[modlauncher-10.0.9.jar%2355!/:?]
	at cpw.mods.bootstraplauncher.BootstrapLauncher.main(BootstrapLauncher.java:141) ~[bootstraplauncher-1.1.2.jar:?]
[07Dec2025 01:34:01.621] [main/ERROR] [net.minecraft.world.item.crafting.RecipeManager/]: Parsing error loading recipe redeco:magenta_upholstery
com.google.gson.JsonSyntaxException: Unknown item 'minecraft:mangenta_wool'
	at net.minecraft.world.item.crafting.ShapedRecipe.m_151280_(ShapedRecipe.java:292) ~[server-1.20.1-20230612.114412-srg.jar%23261!/:?]
	at java.util.Optional.orElseThrow(Optional.java:403) ~[?:?]
	at net.minecraft.world.item.crafting.ShapedRecipe.m_151278_(ShapedRecipe.java:291) ~[server-1.20.1-20230612.114412-srg.jar%23261!/:?]
	at net.minecraft.world.item.crafting.Ingredient.m_43919_(Ingredient.java:219) ~[server-1.20.1-20230612.114412-srg.jar%23261!/:?]
	at net.minecraftforge.common.crafting.VanillaIngredientSerializer.parse(VanillaIngredientSerializer.java:27) ~[forge-1.20.1-47.3.7-universal.jar%23266!/:?]
	at net.minecraftforge.common.crafting.CraftingHelper.getIngredient(CraftingHelper.java:148) ~[forge-1.20.1-47.3.7-universal.jar%23266!/:?]
	at net.minecraft.world.item.crafting.Ingredient.m_288218_(Ingredient.java:194) ~[server-1.20.1-20230612.114412-srg.jar%23261!/:?]
	at net.minecraft.world.item.crafting.ShapelessRecipe$Serializer.m_44275_(ShapelessRecipe.java:104) ~[server-1.20.1-20230612.114412-srg.jar%23261!/:?]
	at net.minecraft.world.item.crafting.ShapelessRecipe$Serializer.m_6729_(ShapelessRecipe.java:89) ~[server-1.20.1-20230612.114412-srg.jar%23261!/:?]
	at net.minecraft.world.item.crafting.ShapelessRecipe$Serializer.m_6729_(ShapelessRecipe.java:84) ~[server-1.20.1-20230612.114412-srg.jar%23261!/:?]
	at net.minecraftforge.common.extensions.IForgeRecipeSerializer.fromJson(IForgeRecipeSerializer.java:23) ~[forge-1.20.1-47.3.7-universal.jar%23266!/:?]
	at net.minecraft.world.item.crafting.RecipeManager.fromJson(RecipeManager.java:171) ~[server-1.20.1-20230612.114412-srg.jar%23261!/:?]
	at net.minecraft.world.item.crafting.RecipeManager.m_5787_(RecipeManager.java:67) ~[server-1.20.1-20230612.114412-srg.jar%23261!/:?]
	at net.minecraft.world.item.crafting.RecipeManager.m_5787_(RecipeManager.java:34) ~[server-1.20.1-20230612.114412-srg.jar%23261!/:?]
	at net.minecraft.server.packs.resources.SimplePreparableReloadListener.m_10789_(SimplePreparableReloadListener.java:13) ~[server-1.20.1-20230612.114412-srg.jar%23261!/:?]
	at java.util.concurrent.CompletableFuture$UniAccept.tryFire(CompletableFuture.java:718) ~[?:?]
	at java.util.concurrent.CompletableFuture$Completion.run(CompletableFuture.java:482) ~[?:?]
	at net.minecraft.server.packs.resources.SimpleReloadInstance.m_143940_(SimpleReloadInstance.java:69) ~[server-1.20.1-20230612.114412-srg.jar%23261!/:?]
	at net.minecraft.Util.m_214652_(Util.java:783) ~[server-1.20.1-20230612.114412-srg.jar%23261!/:?]
	at net.minecraft.Util.m_214679_(Util.java:772) ~[server-1.20.1-20230612.114412-srg.jar%23261!/:?]
	at net.minecraft.server.Main.main(Main.java:166) ~[server-1.20.1-20230612.114412-srg.jar%23261!/:?]
	at jdk.internal.reflect.NativeMethodAccessorImpl.invoke0(Native Method) ~[?:?]
	at jdk.internal.reflect.NativeMethodAccessorImpl.invoke(NativeMethodAccessorImpl.java:77) ~[?:?]
	at jdk.internal.reflect.DelegatingMethodAccessorImpl.invoke(DelegatingMethodAccessorImpl.java:43) ~[?:?]
	at java.lang.reflect.Method.invoke(Method.java:569) ~[?:?]
	at net.minecraftforge.fml.loading.targets.CommonLaunchHandler.runTarget(CommonLaunchHandler.java:111) ~[fmlloader-1.20.1-47.3.7.jar%2369!/:?]
	at net.minecraftforge.fml.loading.targets.CommonLaunchHandler.serverService(CommonLaunchHandler.java:103) ~[fmlloader-1.20.1-47.3.7.jar%2369!/:?]
	at net.minecraftforge.fml.loading.targets.CommonServerLaunchHandler.lambda$makeService$0(CommonServerLaunchHandler.java:27) ~[fmlloader-1.20.1-47.3.7.jar%2369!/:?]
	at cpw.mods.modlauncher.LaunchServiceHandlerDecorator.launch(LaunchServiceHandlerDecorator.java:30) ~[modlauncher-10.0.9.jar%2355!/:?]
	at cpw.mods.modlauncher.LaunchServiceHandler.launch(LaunchServiceHandler.java:53) ~[modlauncher-10.0.9.jar%2355!/:?]
	at cpw.mods.modlauncher.LaunchServiceHandler.launch(LaunchServiceHandler.java:71) ~[modlauncher-10.0.9.jar%2355!/:?]
	at cpw.mods.modlauncher.Launcher.run(Launcher.java:108) ~[modlauncher-10.0.9.jar%2355!/:?]
	at cpw.mods.modlauncher.Launcher.main(Launcher.java:78) ~[modlauncher-10.0.9.jar%2355!/:?]
	at cpw.mods.modlauncher.BootstrapLaunchConsumer.accept(BootstrapLaunchConsumer.java:26) ~[modlauncher-10.0.9.jar%2355!/:?]
	at cpw.mods.modlauncher.BootstrapLaunchConsumer.accept(BootstrapLaunchConsumer.java:23) ~[modlauncher-10.0.9.jar%2355!/:?]
	at cpw.mods.bootstraplauncher.BootstrapLauncher.main(BootstrapLauncher.java:141) ~[bootstraplauncher-1.1.2.jar:?]
[07Dec2025 01:34:01.709] [main/ERROR] [net.minecraft.world.item.crafting.RecipeManager/]: Parsing error loading recipe slashblade_addon:tofu_diamond_blade
com.google.gson.JsonSyntaxException: Unknown item 'tofucraft:tofu_upgrade_smithing_template'
	at net.minecraft.world.item.crafting.ShapedRecipe.m_151280_(ShapedRecipe.java:292) ~[server-1.20.1-20230612.114412-srg.jar%23261!/:?]
	at java.util.Optional.orElseThrow(Optional.java:403) ~[?:?]
	at net.minecraft.world.item.crafting.ShapedRecipe.m_151278_(ShapedRecipe.java:291) ~[server-1.20.1-20230612.114412-srg.jar%23261!/:?]
	at net.minecraft.world.item.crafting.Ingredient.m_43919_(Ingredient.java:219) ~[server-1.20.1-20230612.114412-srg.jar%23261!/:?]
	at net.minecraftforge.common.crafting.VanillaIngredientSerializer.parse(VanillaIngredientSerializer.java:27) ~[forge-1.20.1-47.3.7-universal.jar%23266!/:?]
	at net.minecraftforge.common.crafting.CraftingHelper.getIngredient(CraftingHelper.java:148) ~[forge-1.20.1-47.3.7-universal.jar%23266!/:?]
	at net.minecraft.world.item.crafting.Ingredient.m_288218_(Ingredient.java:194) ~[server-1.20.1-20230612.114412-srg.jar%23261!/:?]
	at net.minecraft.world.item.crafting.Ingredient.m_43917_(Ingredient.java:189) ~[server-1.20.1-20230612.114412-srg.jar%23261!/:?]
	at net.minecraft.world.item.crafting.SmithingTransformRecipe$Serializer.m_6729_(SmithingTransformRecipe.java:73) ~[server-1.20.1-20230612.114412-srg.jar%23261!/:?]
	at net.minecraft.world.item.crafting.SmithingTransformRecipe$Serializer.m_6729_(SmithingTransformRecipe.java:71) ~[server-1.20.1-20230612.114412-srg.jar%23261!/:?]
	at net.minecraftforge.common.extensions.IForgeRecipeSerializer.fromJson(IForgeRecipeSerializer.java:23) ~[forge-1.20.1-47.3.7-universal.jar%23266!/:?]
	at net.minecraft.world.item.crafting.RecipeManager.fromJson(RecipeManager.java:171) ~[server-1.20.1-20230612.114412-srg.jar%23261!/:?]
	at net.minecraft.world.item.crafting.RecipeManager.m_5787_(RecipeManager.java:67) ~[server-1.20.1-20230612.114412-srg.jar%23261!/:?]
	at net.minecraft.world.item.crafting.RecipeManager.m_5787_(RecipeManager.java:34) ~[server-1.20.1-20230612.114412-srg.jar%23261!/:?]
	at net.minecraft.server.packs.resources.SimplePreparableReloadListener.m_10789_(SimplePreparableReloadListener.java:13) ~[server-1.20.1-20230612.114412-srg.jar%23261!/:?]
	at java.util.concurrent.CompletableFuture$UniAccept.tryFire(CompletableFuture.java:718) ~[?:?]
	at java.util.concurrent.CompletableFuture$Completion.run(CompletableFuture.java:482) ~[?:?]
	at net.minecraft.server.packs.resources.SimpleReloadInstance.m_143940_(SimpleReloadInstance.java:69) ~[server-1.20.1-20230612.114412-srg.jar%23261!/:?]
	at net.minecraft.Util.m_214652_(Util.java:783) ~[server-1.20.1-20230612.114412-srg.jar%23261!/:?]
	at net.minecraft.Util.m_214679_(Util.java:772) ~[server-1.20.1-20230612.114412-srg.jar%23261!/:?]
	at net.minecraft.server.Main.main(Main.java:166) ~[server-1.20.1-20230612.114412-srg.jar%23261!/:?]
	at jdk.internal.reflect.NativeMethodAccessorImpl.invoke0(Native Method) ~[?:?]
	at jdk.internal.reflect.NativeMethodAccessorImpl.invoke(NativeMethodAccessorImpl.java:77) ~[?:?]
	at jdk.internal.reflect.DelegatingMethodAccessorImpl.invoke(DelegatingMethodAccessorImpl.java:43) ~[?:?]
	at java.lang.reflect.Method.invoke(Method.java:569) ~[?:?]
	at net.minecraftforge.fml.loading.targets.CommonLaunchHandler.runTarget(CommonLaunchHandler.java:111) ~[fmlloader-1.20.1-47.3.7.jar%2369!/:?]
	at net.minecraftforge.fml.loading.targets.CommonLaunchHandler.serverService(CommonLaunchHandler.java:103) ~[fmlloader-1.20.1-47.3.7.jar%2369!/:?]
	at net.minecraftforge.fml.loading.targets.CommonServerLaunchHandler.lambda$makeService$0(CommonServerLaunchHandler.java:27) ~[fmlloader-1.20.1-47.3.7.jar%2369!/:?]
	at cpw.mods.modlauncher.LaunchServiceHandlerDecorator.launch(LaunchServiceHandlerDecorator.java:30) ~[modlauncher-10.0.9.jar%2355!/:?]
	at cpw.mods.modlauncher.LaunchServiceHandler.launch(LaunchServiceHandler.java:53) ~[modlauncher-10.0.9.jar%2355!/:?]
	at cpw.mods.modlauncher.LaunchServiceHandler.launch(LaunchServiceHandler.java:71) ~[modlauncher-10.0.9.jar%2355!/:?]
	at cpw.mods.modlauncher.Launcher.run(Launcher.java:108) ~[modlauncher-10.0.9.jar%2355!/:?]
	at cpw.mods.modlauncher.Launcher.main(Launcher.java:78) ~[modlauncher-10.0.9.jar%2355!/:?]
	at cpw.mods.modlauncher.BootstrapLaunchConsumer.accept(BootstrapLaunchConsumer.java:26) ~[modlauncher-10.0.9.jar%2355!/:?]
	at cpw.mods.modlauncher.BootstrapLaunchConsumer.accept(BootstrapLaunchConsumer.java:23) ~[modlauncher-10.0.9.jar%2355!/:?]
	at cpw.mods.bootstraplauncher.BootstrapLauncher.main(BootstrapLauncher.java:141) ~[bootstraplauncher-1.1.2.jar:?]
[07Dec2025 01:34:01.739] [main/ERROR] [net.minecraft.world.item.crafting.RecipeManager/]: Parsing error loading recipe slashblade_addon:slashblade_tofu_metal
com.google.gson.JsonSyntaxException: Unknown item 'tofucraft:tofuishi'
	at net.minecraft.world.item.crafting.ShapedRecipe.m_151280_(ShapedRecipe.java:292) ~[server-1.20.1-20230612.114412-srg.jar%23261!/:?]
	at java.util.Optional.orElseThrow(Optional.java:403) ~[?:?]
	at net.minecraft.world.item.crafting.ShapedRecipe.m_151278_(ShapedRecipe.java:291) ~[server-1.20.1-20230612.114412-srg.jar%23261!/:?]
	at net.minecraft.world.item.crafting.Ingredient.m_43919_(Ingredient.java:219) ~[server-1.20.1-20230612.114412-srg.jar%23261!/:?]
	at net.minecraftforge.common.crafting.VanillaIngredientSerializer.parse(VanillaIngredientSerializer.java:27) ~[forge-1.20.1-47.3.7-universal.jar%23266!/:?]
	at net.minecraftforge.common.crafting.CraftingHelper.getIngredient(CraftingHelper.java:148) ~[forge-1.20.1-47.3.7-universal.jar%23266!/:?]
	at net.minecraft.world.item.crafting.Ingredient.m_288218_(Ingredient.java:194) ~[server-1.20.1-20230612.114412-srg.jar%23261!/:?]
	at net.minecraft.world.item.crafting.ShapedRecipe.m_44210_(ShapedRecipe.java:278) ~[server-1.20.1-20230612.114412-srg.jar%23261!/:?]
	at net.minecraft.world.item.crafting.ShapedRecipe$Serializer.m_6729_(ShapedRecipe.java:306) ~[server-1.20.1-20230612.114412-srg.jar%23261!/:?]
	at net.minecraft.world.item.crafting.ShapedRecipe$Serializer.m_6729_(ShapedRecipe.java:301) ~[server-1.20.1-20230612.114412-srg.jar%23261!/:?]
	at mods.flammpfeil.slashblade.recipe.SlashBladeShapedRecipeSerializer.m_6729_(SlashBladeShapedRecipeSerializer.java:26) ~[SlashBladeResharped-1.20.1-0.7.3.jar%23244!/:0.7.3]
	at net.minecraftforge.common.extensions.IForgeRecipeSerializer.fromJson(IForgeRecipeSerializer.java:23) ~[forge-1.20.1-47.3.7-universal.jar%23266!/:?]
	at net.minecraft.world.item.crafting.RecipeManager.fromJson(RecipeManager.java:171) ~[server-1.20.1-20230612.114412-srg.jar%23261!/:?]
	at net.minecraft.world.item.crafting.RecipeManager.m_5787_(RecipeManager.java:67) ~[server-1.20.1-20230612.114412-srg.jar%23261!/:?]
	at net.minecraft.world.item.crafting.RecipeManager.m_5787_(RecipeManager.java:34) ~[server-1.20.1-20230612.114412-srg.jar%23261!/:?]
	at net.minecraft.server.packs.resources.SimplePreparableReloadListener.m_10789_(SimplePreparableReloadListener.java:13) ~[server-1.20.1-20230612.114412-srg.jar%23261!/:?]
	at java.util.concurrent.CompletableFuture$UniAccept.tryFire(CompletableFuture.java:718) ~[?:?]
	at java.util.concurrent.CompletableFuture$Completion.run(CompletableFuture.java:482) ~[?:?]
	at net.minecraft.server.packs.resources.SimpleReloadInstance.m_143940_(SimpleReloadInstance.java:69) ~[server-1.20.1-20230612.114412-srg.jar%23261!/:?]
	at net.minecraft.Util.m_214652_(Util.java:783) ~[server-1.20.1-20230612.114412-srg.jar%23261!/:?]
	at net.minecraft.Util.m_214679_(Util.java:772) ~[server-1.20.1-20230612.114412-srg.jar%23261!/:?]
	at net.minecraft.server.Main.main(Main.java:166) ~[server-1.20.1-20230612.114412-srg.jar%23261!/:?]
	at jdk.internal.reflect.NativeMethodAccessorImpl.invoke0(Native Method) ~[?:?]
	at jdk.internal.reflect.NativeMethodAccessorImpl.invoke(NativeMethodAccessorImpl.java:77) ~[?:?]
	at jdk.internal.reflect.DelegatingMethodAccessorImpl.invoke(DelegatingMethodAccessorImpl.java:43) ~[?:?]
	at java.lang.reflect.Method.invoke(Method.java:569) ~[?:?]
	at net.minecraftforge.fml.loading.targets.CommonLaunchHandler.runTarget(CommonLaunchHandler.java:111) ~[fmlloader-1.20.1-47.3.7.jar%2369!/:?]
	at net.minecraftforge.fml.loading.targets.CommonLaunchHandler.serverService(CommonLaunchHandler.java:103) ~[fmlloader-1.20.1-47.3.7.jar%2369!/:?]
	at net.minecraftforge.fml.loading.targets.CommonServerLaunchHandler.lambda$makeService$0(CommonServerLaunchHandler.java:27) ~[fmlloader-1.20.1-47.3.7.jar%2369!/:?]
	at cpw.mods.modlauncher.LaunchServiceHandlerDecorator.launch(LaunchServiceHandlerDecorator.java:30) ~[modlauncher-10.0.9.jar%2355!/:?]
	at cpw.mods.modlauncher.LaunchServiceHandler.launch(LaunchServiceHandler.java:53) ~[modlauncher-10.0.9.jar%2355!/:?]
	at cpw.mods.modlauncher.LaunchServiceHandler.launch(LaunchServiceHandler.java:71) ~[modlauncher-10.0.9.jar%2355!/:?]
	at cpw.mods.modlauncher.Launcher.run(Launcher.java:108) ~[modlauncher-10.0.9.jar%2355!/:?]
	at cpw.mods.modlauncher.Launcher.main(Launcher.java:78) ~[modlauncher-10.0.9.jar%2355!/:?]
	at cpw.mods.modlauncher.BootstrapLaunchConsumer.accept(BootstrapLaunchConsumer.java:26) ~[modlauncher-10.0.9.jar%2355!/:?]
	at cpw.mods.modlauncher.BootstrapLaunchConsumer.accept(BootstrapLaunchConsumer.java:23) ~[modlauncher-10.0.9.jar%2355!/:?]
	at cpw.mods.bootstraplauncher.BootstrapLauncher.main(BootstrapLauncher.java:141) ~[bootstraplauncher-1.1.2.jar:?]
[07Dec2025 01:34:01.745] [main/INFO] [net.minecraft.world.item.crafting.RecipeManager/]: Loaded 45 recipes
[07Dec2025 01:34:01.876] [main/ERROR] [net.minecraft.server.ServerAdvancementManager/]: Parsing error loading custom advancement slashblade_addon:recipes/combat/tofu_diamond_blade: Unknown item id 'slashblade_addon:slashblade_tofu_metal'
[07Dec2025 01:34:01.986] [main/ERROR] [net.minecraft.server.ServerAdvancementManager/]: Parsing error loading custom advancement beautify:progression/candelabra: Expected item to be an item, was unknown string 'beautify:lamp_candleabra'
[07Dec2025 01:34:02.016] [main/INFO] [net.minecraft.advancements.AdvancementList/]: Loaded 5514 advancements
[07Dec2025 01:34:02.101] [main/INFO] [top.theillusivec4.curios.Curios/]: Loaded 12 curio slots
[07Dec2025 01:34:02.107] [main/ERROR] [top.theillusivec4.curios.Curios/]: talisman is not a registered slot type!
[07Dec2025 01:34:02.108] [main/INFO] [top.theillusivec4.curios.Curios/]: Loaded 11 curio entities
[07Dec2025 01:34:07.986] [Server thread/INFO] [net.minecraft.server.dedicated.DedicatedServer/]: Starting minecraft server version 1.20.1
[07Dec2025 01:34:07.987] [Server thread/INFO] [net.minecraft.server.dedicated.DedicatedServer/]: Loading properties
[07Dec2025 01:34:07.987] [Server thread/INFO] [net.minecraft.server.dedicated.DedicatedServer/]: Default game type: SURVIVAL
[07Dec2025 01:34:07.988] [Server thread/INFO] [net.minecraft.server.MinecraftServer/]: Generating keypair
[07Dec2025 01:34:08.111] [Server thread/INFO] [net.minecraft.server.dedicated.DedicatedServer/]: Starting Minecraft server on *:25565
[07Dec2025 01:34:08.152] [Server thread/INFO] [net.minecraft.server.network.ServerConnectionListener/]: Using epoll channel type
[07Dec2025 01:34:08.246] [Server thread/WARN] [net.minecraft.server.dedicated.DedicatedServer/]: **** SERVER IS RUNNING IN OFFLINE/INSECURE MODE!
[07Dec2025 01:34:08.247] [Server thread/WARN] [net.minecraft.server.dedicated.DedicatedServer/]: The server will make no attempt to authenticate usernames. Beware.
[07Dec2025 01:34:08.247] [Server thread/WARN] [net.minecraft.server.dedicated.DedicatedServer/]: While this makes the game possible to play without internet access, it also opens up the ability for hackers to connect with any username they choose.
[07Dec2025 01:34:08.247] [Server thread/WARN] [net.minecraft.server.dedicated.DedicatedServer/]: To change this, set "online-mode" to "true" in the server.properties file.
[07Dec2025 01:34:08.264] [Server thread/INFO] [journeymap/]: Loading JourneyMap Forge Configs
[07Dec2025 01:34:08.265] [Thread-1/INFO] [journeymap/]: Loading JourneyMap Forge Configs
[07Dec2025 01:34:08.373] [Server thread/INFO] [Framework/]: Loading server configs...
[07Dec2025 01:34:08.853] [Server thread/INFO] [terrablender/]: Initialized TerraBlender biomes for level stem minecraft:overworld
[07Dec2025 01:34:08.854] [Server thread/INFO] [terrablender/]: Initialized TerraBlender biomes for level stem minecraft:the_nether
[07Dec2025 01:34:08.854] [Server thread/INFO] [net.minecraft.server.dedicated.DedicatedServer/]: Preparing level "world"
[07Dec2025 01:34:18.469] [Netty Epoll Server IO #1/INFO] [net.minecraftforge.server.ServerLifecycleHooks/SERVERHOOKS]: Disconnecting Player (server is still starting): literal{Server is still starting! Please wait before reconnecting.}
[07Dec2025 01:34:18.511] [Server thread/INFO] [net.minecraft.server.MinecraftServer/]: Preparing start region for dimension minecraft:overworld
[07Dec2025 01:34:21.107] [Worker-Main-3/INFO] [net.minecraft.server.level.progress.LoggerChunkProgressListener/]: Preparing spawn area: 0%
[07Dec2025 01:34:21.128] [Worker-Main-3/INFO] [net.minecraft.server.level.progress.LoggerChunkProgressListener/]: Preparing spawn area: 0%
[07Dec2025 01:34:21.128] [Worker-Main-3/INFO] [net.minecraft.server.level.progress.LoggerChunkProgressListener/]: Preparing spawn area: 0%
[07Dec2025 01:34:21.129] [Worker-Main-1/INFO] [net.minecraft.server.level.progress.LoggerChunkProgressListener/]: Preparing spawn area: 0%
[07Dec2025 01:34:21.135] [Worker-Main-2/INFO] [net.minecraft.server.level.progress.LoggerChunkProgressListener/]: Preparing spawn area: 0%
[07Dec2025 01:34:21.140] [Netty Epoll Server IO #2/INFO] [net.minecraftforge.server.ServerLifecycleHooks/SERVERHOOKS]: Disconnecting Player (server is still starting): literal{Server is still starting! Please wait before reconnecting.}
[07Dec2025 01:34:21.142] [Worker-Main-2/INFO] [net.minecraft.server.level.progress.LoggerChunkProgressListener/]: Preparing spawn area: 0%
[07Dec2025 01:34:21.515] [Worker-Main-3/INFO] [net.minecraft.server.level.progress.LoggerChunkProgressListener/]: Preparing spawn area: 0%
[07Dec2025 01:34:21.587] [Netty Epoll Server IO #3/INFO] [net.minecraftforge.server.ServerLifecycleHooks/SERVERHOOKS]: Disconnecting Player (server is still starting): literal{Server is still starting! Please wait before reconnecting.}
[07Dec2025 01:34:22.047] [Worker-Main-3/INFO] [net.minecraft.server.level.progress.LoggerChunkProgressListener/]: Preparing spawn area: 0%
[07Dec2025 01:34:22.514] [Worker-Main-1/INFO] [net.minecraft.server.level.progress.LoggerChunkProgressListener/]: Preparing spawn area: 0%
[07Dec2025 01:34:23.014] [Worker-Main-1/INFO] [net.minecraft.server.level.progress.LoggerChunkProgressListener/]: Preparing spawn area: 0%
[07Dec2025 01:34:23.513] [Worker-Main-3/INFO] [net.minecraft.server.level.progress.LoggerChunkProgressListener/]: Preparing spawn area: 4%
[07Dec2025 01:34:24.012] [Worker-Main-1/INFO] [net.minecraft.server.level.progress.LoggerChunkProgressListener/]: Preparing spawn area: 83%
[07Dec2025 01:34:24.098] [Netty Epoll Server IO #4/INFO] [net.minecraftforge.server.ServerLifecycleHooks/SERVERHOOKS]: Disconnecting Player (server is still starting): literal{Server is still starting! Please wait before reconnecting.}
[07Dec2025 01:34:24.207] [Server thread/INFO] [net.minecraft.server.level.progress.LoggerChunkProgressListener/]: Time elapsed: 5695 ms
[07Dec2025 01:34:24.207] [Server thread/INFO] [net.minecraft.server.dedicated.DedicatedServer/]: Done (15.946s)! For help, type "help"
[07Dec2025 01:34:24.314] [Server thread/INFO] [net.minecraftforge.server.permission.PermissionAPI/]: Successfully initialized permission handler forge:default_handler
[07Dec2025 01:34:46.104] [Server thread/INFO] [net.minecraft.server.players.PlayerList/]: paisamares12[/100.80.118.13:50656] logged in with entity id 52 at (-697.1899483873663, 78.0, -1909.7692282302871)
[07Dec2025 01:34:46.182] [Server thread/INFO] [net.minecraft.server.MinecraftServer/]: paisamares12 joined the game
[07Dec2025 01:34:56.110] [Server thread/INFO] [net.minecraft.server.players.PlayerList/]: nicoloco23[/100.64.148.99:34236] logged in with entity id 201 at (-616.1982812837482, 71.0, -685.0842687839455)
[07Dec2025 01:34:56.131] [Server thread/INFO] [net.minecraft.server.MinecraftServer/]: nicoloco23 joined the game
[07Dec2025 01:34:58.732] [Server thread/WARN] [net.minecraft.server.MinecraftServer/]: Can't keep up! Is the server overloaded? Running 2579ms or 51 ticks behind
[07Dec2025 01:35:06.973] [Server thread/INFO] [net.minecraft.server.MinecraftServer/]: [Not Secure] <paisamares12> nicolassssssssssssss
[07Dec2025 01:35:18.379] [Server thread/INFO] [net.minecraft.server.network.ServerLoginPacketListenerImpl/]: com.mojang.authlib.GameProfile@9ea6efb[id=<null>,name=TheALejoX,properties={},legacy=false] (/100.73.29.100:54481) lost connection: Disconnected
[07Dec2025 01:35:23.831] [Server thread/INFO] [net.minecraft.server.MinecraftServer/]: nicoloco23 has made the advancement [Stay dead]
[07Dec2025 01:35:25.112] [Server thread/INFO] [net.minecraft.server.players.PlayerList/]: Flackius[/100.125.6.96:59228] logged in with entity id 540 at (-2871.3328362977963, 73.0, -2138.656086333053)
[07Dec2025 01:35:25.160] [Server thread/INFO] [net.minecraft.server.MinecraftServer/]: Flackius joined the game
[07Dec2025 01:35:28.462] [Server thread/WARN] [net.minecraft.server.MinecraftServer/]: Can't keep up! Is the server overloaded? Running 3409ms or 68 ticks behind
[07Dec2025 01:35:32.815] [Server thread/INFO] [net.minecraft.server.players.PlayerList/]: TheALejoX[/100.73.29.100:50088] logged in with entity id 702 at (-3320.3776433942035, 73.0, -1661.2340034875842)
[07Dec2025 01:35:32.834] [Server thread/INFO] [net.minecraft.server.MinecraftServer/]: TheALejoX joined the game
[07Dec2025 01:35:33.841] [Server thread/INFO] [net.minecraft.server.players.PlayerList/]: lifedoll[/100.104.154.11:59049] logged in with entity id 728 at (-809.5, 64.0, -2176.5)
[07Dec2025 01:35:33.856] [Server thread/INFO] [net.minecraft.server.MinecraftServer/]: lifedoll joined the game
[07Dec2025 01:36:10.958] [Server thread/WARN] [net.minecraft.server.level.ServerPlayerGameMode/]: Mismatch in destroy block pos: BlockPos{x=0, y=0, z=0} BlockPos{x=-809, y=63, z=-2166}
[07Dec2025 01:36:26.383] [Server thread/WARN] [net.minecraft.server.MinecraftServer/]: Can't keep up! Is the server overloaded? Running 2030ms or 40 ticks behind
[07Dec2025 01:36:46.870] [Server thread/INFO] [net.minecraft.server.MinecraftServer/]: [Not Secure] <nicoloco23> [name:"aldea humedal", x:-521, y:63, z:-700, dim:minecraft:overworld]
[07Dec2025 01:36:48.535] [Server thread/WARN] [net.minecraft.server.MinecraftServer/]: Can't keep up! Is the server overloaded? Running 2032ms or 40 ticks behind
[07Dec2025 01:37:07.024] [Server thread/WARN] [net.minecraft.server.MinecraftServer/]: Can't keep up! Is the server overloaded? Running 2071ms or 41 ticks behind
[07Dec2025 01:37:44.354] [Server thread/WARN] [net.minecraft.server.MinecraftServer/]: Can't keep up! Is the server overloaded? Running 2001ms or 40 ticks behind
[07Dec2025 01:38:17.931] [Server thread/WARN] [net.minecraft.server.MinecraftServer/]: Can't keep up! Is the server overloaded? Running 2028ms or 40 ticks behind
[07Dec2025 01:38:35.578] [Server thread/WARN] [net.minecraft.server.MinecraftServer/]: Can't keep up! Is the server overloaded? Running 2675ms or 53 ticks behind
[07Dec2025 01:38:52.991] [Server thread/WARN] [net.minecraft.server.MinecraftServer/]: Can't keep up! Is the server overloaded? Running 2438ms or 48 ticks behind
[07Dec2025 01:39:10.076] [Server thread/WARN] [net.minecraft.server.MinecraftServer/]: Can't keep up! Is the server overloaded? Running 2123ms or 42 ticks behind
[07Dec2025 01:39:50.004] [Server thread/WARN] [net.minecraft.server.MinecraftServer/]: Can't keep up! Is the server overloaded? Running 2501ms or 50 ticks behind
[07Dec2025 01:40:17.412] [Server thread/WARN] [net.minecraft.server.MinecraftServer/]: Can't keep up! Is the server overloaded? Running 2009ms or 40 ticks behind
[07Dec2025 01:40:18.311] [Server thread/WARN] [net.minecraft.server.network.ServerGamePacketListenerImpl/]: Flackius moved wrongly!
[07Dec2025 01:40:27.022] [Server thread/INFO] [net.minecraft.server.MinecraftServer/]: lifedoll has made the advancement [Tiny Proud Soul]
[07Dec2025 01:40:27.023] [Server thread/INFO] [net.minecraft.server.MinecraftServer/]: lifedoll has made the advancement [Blade MoveSets]
[07Dec2025 01:40:27.023] [Server thread/INFO] [net.minecraft.server.MinecraftServer/]: lifedoll has made the advancement [Slash Blade]
[07Dec2025 01:41:03.214] [Server thread/WARN] [net.minecraft.server.MinecraftServer/]: Can't keep up! Is the server overloaded? Running 2011ms or 40 ticks behind
[07Dec2025 01:41:20.437] [Server thread/WARN] [net.minecraft.server.MinecraftServer/]: Can't keep up! Is the server overloaded? Running 2234ms or 44 ticks behind
[07Dec2025 01:41:25.815] [Server thread/INFO] [net.minecraft.server.MinecraftServer/]: Flackius was slain by Mayan Warrior
[07Dec2025 01:41:38.364] [Server thread/WARN] [net.minecraft.server.MinecraftServer/]: Can't keep up! Is the server overloaded? Running 2961ms or 59 ticks behind
[07Dec2025 01:41:57.553] [Worker-Main-2/WARN] [net.minecraft.world.level.levelgen.structure.pools.JigsawPlacement/]: Empty or non-existent pool: minecraft:
[07Dec2025 01:41:57.553] [Worker-Main-2/WARN] [net.minecraft.world.level.levelgen.structure.pools.JigsawPlacement/]: Empty or non-existent pool: minecraft:
[07Dec2025 01:42:05.641] [Server thread/INFO] [net.minecraft.server.MinecraftServer/]: nicoloco23 has made the advancement [Ice Maze]
[07Dec2025 01:42:07.255] [Server thread/WARN] [net.minecraft.server.MinecraftServer/]: Can't keep up! Is the server overloaded? Running 2002ms or 40 ticks behind
[07Dec2025 01:42:14.914] [Server thread/INFO] [net.minecraft.server.MinecraftServer/]: paisamares12 fell from a high place
[07Dec2025 01:42:49.637] [Server thread/WARN] [net.minecraft.server.MinecraftServer/]: Can't keep up! Is the server overloaded? Running 3884ms or 77 ticks behind
[07Dec2025 01:43:18.008] [Server thread/WARN] [net.minecraft.server.MinecraftServer/]: Can't keep up! Is the server overloaded? Running 2005ms or 40 ticks behind
[07Dec2025 01:43:49.998] [Server thread/WARN] [net.minecraft.server.MinecraftServer/]: Can't keep up! Is the server overloaded? Running 16995ms or 339 ticks behind
[07Dec2025 01:44:11.710] [Server thread/WARN] [net.minecraft.server.MinecraftServer/]: Can't keep up! Is the server overloaded? Running 6757ms or 135 ticks behind
[07Dec2025 01:44:30.738] [Server thread/WARN] [net.minecraft.server.MinecraftServer/]: Can't keep up! Is the server overloaded? Running 4035ms or 80 ticks behind
[07Dec2025 01:44:57.871] [Server thread/INFO] [net.minecraft.server.MinecraftServer/]: nicoloco23 has made the advancement [Almost Like a Fan]
[07Dec2025 01:45:01.798] [Server thread/INFO] [net.minecraft.server.MinecraftServer/]: [Not Secure] <Flackius> duerman pls
[07Dec2025 01:45:23.799] [Server thread/INFO] [net.minecraft.server.MinecraftServer/]: lifedoll has made the advancement [Sweet Dreams]
[07Dec2025 01:46:01.017] [Server thread/INFO] [net.minecraft.server.MinecraftServer/]: Flackius was slain by Mayan Warrior
[07Dec2025 01:46:06.063] [Server thread/WARN] [net.minecraft.server.MinecraftServer/]: Can't keep up! Is the server overloaded? Running 4560ms or 91 ticks behind
[07Dec2025 01:46:06.242] [Server thread/WARN] [net.minecraft.server.network.ServerGamePacketListenerImpl/]: TheALejoX moved too quickly! 2.4100335301232008,3.0,-9.399271600980683
[07Dec2025 01:46:06.251] [Server thread/WARN] [net.minecraft.server.network.ServerGamePacketListenerImpl/]: paisamares12 moved too quickly! 0.11447484110794903,0.0,10.127505145494979
[07Dec2025 01:46:10.139] [Server thread/INFO] [net.minecraft.server.MinecraftServer/]: [Not Secure] <Flackius> POR FAVOR
[07Dec2025 01:46:13.155] [Server thread/INFO] [net.minecraft.server.MinecraftServer/]: [Not Secure] <Flackius> me estan matando
[07Dec2025 01:46:16.096] [Server thread/INFO] [net.minecraft.server.MinecraftServer/]: [Not Secure] <Flackius> llamen a la policia
[07Dec2025 01:46:42.139] [Server thread/INFO] [net.minecraft.server.MinecraftServer/]: [Not Secure] <Flackius> zzzzzzz
[07Dec2025 01:46:42.289] [Server thread/INFO] [net.minecraft.server.MinecraftServer/]: [Not Secure] <paisamares12> duermany me salgo
[07Dec2025 01:46:43.400] [Server thread/INFO] [net.minecraft.server.MinecraftServer/]: [Not Secure] <Flackius> zzzzzzzzzzzzzzzz
[07Dec2025 01:46:43.828] [Server thread/INFO] [net.minecraft.server.MinecraftServer/]: [Not Secure] <Flackius> zz
[07Dec2025 01:46:44.250] [Server thread/INFO] [net.minecraft.server.MinecraftServer/]: [Not Secure] <Flackius> z
[07Dec2025 01:46:44.342] [Server thread/INFO] [net.minecraft.server.MinecraftServer/]: [Not Secure] <Flackius> z
[07Dec2025 01:46:44.597] [Server thread/INFO] [net.minecraft.server.MinecraftServer/]: [Not Secure] <Flackius> z
[07Dec2025 01:46:45.303] [Server thread/INFO] [net.minecraft.server.MinecraftServer/]: [Not Secure] <Flackius> zzz
[07Dec2025 01:46:45.419] [Server thread/INFO] [net.minecraft.server.MinecraftServer/]: [Not Secure] <paisamares12> es q no tengo cama
[07Dec2025 01:46:45.586] [Server thread/INFO] [net.minecraft.server.MinecraftServer/]: [Not Secure] <Flackius> z
[07Dec2025 01:46:45.910] [Server thread/INFO] [net.minecraft.server.MinecraftServer/]: [Not Secure] <Flackius> z
[07Dec2025 01:46:46.099] [Server thread/INFO] [net.minecraft.server.MinecraftServer/]: [Not Secure] <Flackius> z
[07Dec2025 01:46:49.476] [Server thread/INFO] [net.minecraft.server.MinecraftServer/]: [Not Secure] <Flackius> z
[07Dec2025 01:46:52.704] [Server thread/INFO] [net.minecraft.server.MinecraftServer/]: [Not Secure] <Flackius> solo falta 1
[07Dec2025 01:46:54.675] [Server thread/INFO] [net.minecraft.server.network.ServerGamePacketListenerImpl/]: paisamares12 lost connection: Disconnected
[07Dec2025 01:46:54.675] [Server thread/INFO] [net.minecraft.server.MinecraftServer/]: paisamares12 left the game
[07Dec2025 01:47:07.344] [Server thread/INFO] [net.minecraft.server.players.PlayerList/]: paisamares12[/100.80.118.13:49938] logged in with entity id 12080 at (-645.613704068068, 61.54019395890692, -1319.4670266070423)
[07Dec2025 01:47:07.358] [Server thread/INFO] [net.minecraft.server.MinecraftServer/]: paisamares12 joined the game
[07Dec2025 01:47:17.727] [Server thread/INFO] [net.minecraft.server.players.PlayerList/]: Tomate[/100.82.94.110:64845] logged in with entity id 12304 at (-4707.996784216383, 112.0, -6646.483963487626)
[07Dec2025 01:47:17.792] [Server thread/INFO] [net.minecraft.server.MinecraftServer/]: Tomate joined the game
[07Dec2025 01:47:19.927] [Server thread/WARN] [net.minecraft.server.MinecraftServer/]: Can't keep up! Is the server overloaded? Running 2225ms or 44 ticks behind
[07Dec2025 01:47:44.559] [Server thread/INFO] [net.minecraft.server.MinecraftServer/]: [Not Secure] <Tomate> ola
[07Dec2025 01:47:46.434] [Server thread/INFO] [net.minecraft.server.MinecraftServer/]: [Not Secure] <Tomate> a qn tepeo
[07Dec2025 01:47:46.519] [Server thread/WARN] [net.minecraft.server.MinecraftServer/]: Can't keep up! Is the server overloaded? Running 2017ms or 40 ticks behind
[07Dec2025 01:47:47.249] [Server thread/INFO] [net.minecraft.server.MinecraftServer/]: [Not Secure] <paisamares12> chao
[07Dec2025 01:47:50.318] [Server thread/INFO] [net.minecraft.server.MinecraftServer/]: [Not Secure] <Tomate> q hable ahora
[07Dec2025 01:47:51.033] [Server thread/INFO] [net.minecraft.server.MinecraftServer/]: [Not Secure] <paisamares12> a mi jiji
[07Dec2025 01:47:54.409] [Server thread/INFO] [net.minecraft.server.MinecraftServer/]: [Not Secure] <Tomate> a onde
[07Dec2025 01:47:56.805] [Server thread/INFO] [net.minecraft.server.MinecraftServer/]: [Not Secure] <paisamares12> a nico
[07Dec2025 01:47:59.039] [Server thread/INFO] [net.minecraft.server.MinecraftServer/]: [Not Secure] <Flackius> mano
[07Dec2025 01:48:00.427] [Server thread/INFO] [net.minecraft.server.MinecraftServer/]: [Not Secure] <paisamares12> loco
[07Dec2025 01:48:03.269] [Server thread/INFO] [net.minecraft.server.MinecraftServer/]: [Not Secure] <Flackius> tomate
[07Dec2025 01:48:05.387] [Server thread/INFO] [net.minecraft.server.MinecraftServer/]: [Not Secure] <Flackius> ayudame
[07Dec2025 01:48:05.504] [Server thread/WARN] [net.minecraft.server.MinecraftServer/]: Can't keep up! Is the server overloaded? Running 2002ms or 40 ticks behind
[07Dec2025 01:48:09.023] [Server thread/INFO] [net.minecraft.server.MinecraftServer/]: [Not Secure] <Tomate> luego?
[07Dec2025 01:48:16.740] [Server thread/INFO] [net.minecraft.server.MinecraftServer/]: [Not Secure] <Flackius> me han matao tres veces en un templo maya
[07Dec2025 01:48:21.750] [Server thread/INFO] [net.minecraft.server.MinecraftServer/]: [Tomate: Teleported paisamares12 to nicoloco23]
[07Dec2025 01:48:22.226] [Server thread/INFO] [net.minecraft.server.MinecraftServer/]: paisamares12 has made the advancement [Ice Maze]
[07Dec2025 01:48:22.764] [Server thread/INFO] [net.minecraft.server.MinecraftServer/]: [Not Secure] <Flackius> mis cosas quedaron debajo de una trampa jajaj
[07Dec2025 01:48:23.046] [Server thread/INFO] [net.minecraft.server.MinecraftServer/]: nicoloco23 was slain by Anglerfish
[07Dec2025 01:48:23.607] [Server thread/WARN] [net.minecraft.server.MinecraftServer/]: Can't keep up! Is the server overloaded? Running 3104ms or 62 ticks behind
[07Dec2025 01:48:27.811] [Server thread/INFO] [net.minecraft.server.MinecraftServer/]: [Not Secure] <Tomate> ya voy
[07Dec2025 01:48:29.713] [Server thread/INFO] [net.minecraft.server.MinecraftServer/]: [Tomate: Teleported Tomate to Flackius]
[07Dec2025 01:48:35.143] [Server thread/INFO] [net.minecraft.server.MinecraftServer/]: [Not Secure] <Tomate> onde
[07Dec2025 01:48:50.055] [Server thread/WARN] [net.minecraft.server.level.ServerPlayerGameMode/]: Mismatch in destroy block pos: BlockPos{x=-816, y=66, z=-2148} BlockPos{x=-820, y=65, z=-2165}
[07Dec2025 01:48:57.440] [Server thread/WARN] [net.minecraft.server.level.ServerPlayerGameMode/]: Mismatch in destroy block pos: BlockPos{x=-816, y=66, z=-2148} BlockPos{x=-820, y=64, z=-2165}
[07Dec2025 01:49:03.103] [Server thread/INFO] [net.minecraft.server.MinecraftServer/]: [Not Secure] <nicoloco23> x:15, y:59, z:-1013, tomate plis
[07Dec2025 01:49:07.683] [Server thread/INFO] [net.minecraft.server.MinecraftServer/]: [Not Secure] <Tomate> q
[07Dec2025 01:49:11.408] [Server thread/INFO] [net.minecraft.server.MinecraftServer/]: [Not Secure] <nicoloco23> tp
[07Dec2025 01:49:13.902] [Server thread/INFO] [net.minecraft.server.MinecraftServer/]: [Not Secure] <Flackius> pense que estabas en creativo
[07Dec2025 01:49:23.452] [Server thread/INFO] [net.minecraft.server.MinecraftServer/]: [Not Secure] <Tomate> momento le hago un fa a flakius
[07Dec2025 01:49:38.513] [Server thread/INFO] [net.minecraft.server.MinecraftServer/]: [Not Secure] <Tomate> dictamelas
[07Dec2025 01:49:42.642] [Server thread/INFO] [net.minecraft.server.MinecraftServer/]: [Not Secure] <paisamares12> a mi
[07Dec2025 01:49:45.292] [Server thread/INFO] [net.minecraft.server.MinecraftServer/]: [Not Secure] <nicoloco23> metete al discord
[07Dec2025 01:49:45.766] [Server thread/INFO] [net.minecraft.server.MinecraftServer/]: [Not Secure] <paisamares12> q me tpe a mi
[07Dec2025 01:49:47.079] [Server thread/INFO] [net.minecraft.server.MinecraftServer/]: [Not Secure] <paisamares12> osea
[07Dec2025 01:49:49.105] [Server thread/INFO] [net.minecraft.server.MinecraftServer/]: [Not Secure] <Flackius> bueeno si
[07Dec2025 01:49:49.450] [Server thread/INFO] [net.minecraft.server.MinecraftServer/]: [Not Secure] <paisamares12> hacia a mi
[07Dec2025 01:49:50.488] [Server thread/INFO] [net.minecraft.server.MinecraftServer/]: [Not Secure] <paisamares12> jaja
[07Dec2025 01:49:54.430] [Server thread/INFO] [net.minecraft.server.MinecraftServer/]: [Not Secure] <Flackius> si quiers ayudalo a el primero
[07Dec2025 01:49:55.976] [Server thread/INFO] [net.minecraft.server.MinecraftServer/]: [Not Secure] <Flackius> yo puedo
[07Dec2025 01:50:02.322] [Server thread/WARN] [net.minecraft.server.level.ServerPlayerGameMode/]: Mismatch in destroy block pos: BlockPos{x=-816, y=66, z=-2148} BlockPos{x=-822, y=64, z=-2180}
[07Dec2025 01:50:02.463] [Server thread/WARN] [net.minecraft.server.level.ServerPlayerGameMode/]: Mismatch in destroy block pos: BlockPos{x=-816, y=66, z=-2148} BlockPos{x=-822, y=64, z=-2180}
[07Dec2025 01:50:13.645] [Server thread/INFO] [net.minecraft.server.MinecraftServer/]: [Not Secure] <Tomate> va
[07Dec2025 01:50:17.417] [Server thread/WARN] [net.minecraft.server.MinecraftServer/]: Can't keep up! Is the server overloaded? Running 2014ms or 40 ticks behind
[07Dec2025 01:50:36.789] [Server thread/WARN] [net.minecraft.server.MinecraftServer/]: Can't keep up! Is the server overloaded? Running 4386ms or 87 ticks behind
[07Dec2025 01:50:38.629] [Server thread/INFO] [net.minecraft.server.MinecraftServer/]: [Tomate: Teleported nicoloco23 to paisamares12]
[07Dec2025 01:50:45.206] [Server thread/INFO] [net.minecraft.server.MinecraftServer/]: [Not Secure] <Tomate> ya
[07Dec2025 01:50:55.607] [Server thread/WARN] [net.minecraft.server.MinecraftServer/]: Can't keep up! Is the server overloaded? Running 3854ms or 77 ticks behind
[07Dec2025 01:51:10.159] [Server thread/WARN] [net.minecraft.server.level.ServerPlayerGameMode/]: Mismatch in destroy block pos: BlockPos{x=-794, y=65, z=-2204} BlockPos{x=-796, y=64, z=-2183}
[07Dec2025 01:51:10.226] [Server thread/WARN] [net.minecraft.server.level.ServerPlayerGameMode/]: Mismatch in destroy block pos: BlockPos{x=-794, y=65, z=-2204} BlockPos{x=-796, y=64, z=-2183}
[07Dec2025 01:51:10.994] [Server thread/WARN] [net.minecraft.server.level.ServerPlayerGameMode/]: Mismatch in destroy block pos: BlockPos{x=-794, y=65, z=-2204} BlockPos{x=-797, y=64, z=-2183}
[07Dec2025 01:51:11.119] [Server thread/WARN] [net.minecraft.server.level.ServerPlayerGameMode/]: Mismatch in destroy block pos: BlockPos{x=-794, y=65, z=-2204} BlockPos{x=-797, y=64, z=-2183}
[07Dec2025 01:51:15.386] [Server thread/WARN] [net.minecraft.server.MinecraftServer/]: Can't keep up! Is the server overloaded? Running 4783ms or 95 ticks behind
[07Dec2025 01:51:19.689] [Server thread/INFO] [net.minecraft.world.entity.npc.Villager/]: Villager Villager['Botanist'/15147, l='ServerLevel[world]', x=-2687.17, y=64.02, z=-2090.37] died, message: 'Botanist burned to death'
[07Dec2025 01:51:33.572] [Server thread/WARN] [net.minecraft.server.MinecraftServer/]: Can't keep up! Is the server overloaded? Running 3220ms or 64 ticks behind
[07Dec2025 01:51:52.146] [Server thread/WARN] [net.minecraft.server.MinecraftServer/]: Can't keep up! Is the server overloaded? Running 3593ms or 71 ticks behind
[07Dec2025 01:52:10.279] [Server thread/INFO] [net.minecraft.server.MinecraftServer/]: paisamares12 fell from a high place
[07Dec2025 01:52:11.159] [Server thread/WARN] [net.minecraft.server.MinecraftServer/]: Can't keep up! Is the server overloaded? Running 4056ms or 81 ticks behind
[07Dec2025 01:52:22.279] [Server thread/WARN] [net.minecraft.server.level.ServerPlayerGameMode/]: Mismatch in destroy block pos: BlockPos{x=-790, y=63, z=-2173} BlockPos{x=-795, y=69, z=-2176}
[07Dec2025 01:52:27.653] [Server thread/WARN] [net.minecraft.server.level.ServerPlayerGameMode/]: Mismatch in destroy block pos: BlockPos{x=-790, y=63, z=-2173} BlockPos{x=-795, y=70, z=-2170}
[07Dec2025 01:52:27.727] [Server thread/WARN] [net.minecraft.server.level.ServerPlayerGameMode/]: Mismatch in destroy block pos: BlockPos{x=-790, y=63, z=-2173} BlockPos{x=-795, y=70, z=-2170}
[07Dec2025 01:52:29.045] [Server thread/WARN] [net.minecraft.server.level.ServerPlayerGameMode/]: Mismatch in destroy block pos: BlockPos{x=-790, y=63, z=-2173} BlockPos{x=-794, y=69, z=-2170}
[07Dec2025 01:52:29.110] [Server thread/WARN] [net.minecraft.server.level.ServerPlayerGameMode/]: Mismatch in destroy block pos: BlockPos{x=-790, y=63, z=-2173} BlockPos{x=-794, y=69, z=-2170}
[07Dec2025 01:52:31.795] [Server thread/WARN] [net.minecraft.server.MinecraftServer/]: Can't keep up! Is the server overloaded? Running 5643ms or 112 ticks behind
[07Dec2025 01:52:34.999] [Server thread/INFO] [net.minecraft.server.MinecraftServer/]: [Not Secure] <paisamares12> metepeasanico
[07Dec2025 01:52:37.963] [Server thread/INFO] [net.minecraft.server.MinecraftServer/]: nicoloco23 has made the advancement [The Light In The Darkness]
[07Dec2025 01:52:42.531] [Server thread/INFO] [net.minecraft.server.MinecraftServer/]: [Tomate: Teleported paisamares12 to nicoloco23]
[07Dec2025 01:52:51.063] [Server thread/WARN] [net.minecraft.server.MinecraftServer/]: Can't keep up! Is the server overloaded? Running 4310ms or 86 ticks behind
[07Dec2025 01:53:03.485] [Server thread/WARN] [net.minecraft.server.level.ServerPlayerGameMode/]: Mismatch in destroy block pos: BlockPos{x=-783, y=63, z=-2159} BlockPos{x=-799, y=63, z=-2154}
[07Dec2025 01:53:03.555] [Server thread/WARN] [net.minecraft.server.level.ServerPlayerGameMode/]: Mismatch in destroy block pos: BlockPos{x=-783, y=63, z=-2159} BlockPos{x=-799, y=63, z=-2154}
[07Dec2025 01:53:03.620] [Server thread/WARN] [net.minecraft.server.level.ServerPlayerGameMode/]: Mismatch in destroy block pos: BlockPos{x=-783, y=63, z=-2159} BlockPos{x=-799, y=63, z=-2154}
[07Dec2025 01:53:03.685] [Server thread/WARN] [net.minecraft.server.level.ServerPlayerGameMode/]: Mismatch in destroy block pos: BlockPos{x=-783, y=63, z=-2159} BlockPos{x=-799, y=63, z=-2154}
[07Dec2025 01:53:03.741] [Server thread/WARN] [net.minecraft.server.level.ServerPlayerGameMode/]: Mismatch in destroy block pos: BlockPos{x=-783, y=63, z=-2159} BlockPos{x=-799, y=63, z=-2154}
[07Dec2025 01:53:08.407] [Server thread/WARN] [net.minecraft.server.MinecraftServer/]: Can't keep up! Is the server overloaded? Running 2354ms or 47 ticks behind
[07Dec2025 01:53:20.521] [Server thread/WARN] [net.minecraft.server.level.ServerPlayerGameMode/]: Mismatch in destroy block pos: BlockPos{x=-783, y=63, z=-2159} BlockPos{x=-810, y=62, z=-2152}
[07Dec2025 01:53:20.629] [Server thread/WARN] [net.minecraft.server.level.ServerPlayerGameMode/]: Mismatch in destroy block pos: BlockPos{x=-783, y=63, z=-2159} BlockPos{x=-810, y=62, z=-2152}
[07Dec2025 01:53:26.307] [Server thread/WARN] [net.minecraft.server.MinecraftServer/]: Can't keep up! Is the server overloaded? Running 2004ms or 40 ticks behind
[07Dec2025 01:53:49.445] [Server thread/INFO] [net.minecraft.server.MinecraftServer/]: paisamares12 has made the advancement [Tools of the Trade]
[07Dec2025 01:53:51.705] [Server thread/WARN] [net.minecraft.server.MinecraftServer/]: Can't keep up! Is the server overloaded? Running 2002ms or 40 ticks behind
[07Dec2025 01:54:51.406] [Server thread/WARN] [net.minecraft.server.MinecraftServer/]: Can't keep up! Is the server overloaded? Running 2003ms or 40 ticks behind
[07Dec2025 01:55:10.278] [Server thread/WARN] [net.minecraft.server.MinecraftServer/]: Can't keep up! Is the server overloaded? Running 3875ms or 77 ticks behind
[07Dec2025 01:55:37.448] [Server thread/WARN] [net.minecraft.server.MinecraftServer/]: Can't keep up! Is the server overloaded? Running 12195ms or 243 ticks behind
[07Dec2025 01:55:47.905] [Server thread/INFO] [net.minecraft.server.players.PlayerList/]: Juanest99[/100.84.179.119:49555] logged in with entity id 20717 at (-1918.7780167644726, -39.0, -1343.0209582531406)
[07Dec2025 01:55:47.924] [Server thread/INFO] [net.minecraft.server.MinecraftServer/]: Juanest99 joined the game
[07Dec2025 01:55:51.142] [Server thread/WARN] [net.minecraft.server.network.ServerGamePacketListenerImpl/]: paisamares12 moved too quickly! -0.9670133518652633,-8.489274851341726,5.676301956807038
[07Dec2025 01:55:57.963] [Server thread/INFO] [net.minecraft.server.MinecraftServer/]: [Tomate: Teleported Tomate to Juanest99]
[07Dec2025 01:56:00.402] [Server thread/WARN] [net.minecraft.server.MinecraftServer/]: Can't keep up! Is the server overloaded? Running 7999ms or 159 ticks behind
[07Dec2025 01:56:19.599] [Server thread/WARN] [net.minecraft.server.MinecraftServer/]: Can't keep up! Is the server overloaded? Running 4246ms or 84 ticks behind
[07Dec2025 01:56:39.560] [Server thread/WARN] [net.minecraft.server.MinecraftServer/]: Can't keep up! Is the server overloaded? Running 2008ms or 40 ticks behind
[07Dec2025 01:56:54.195] [Server thread/INFO] [net.minecraft.server.MinecraftServer/]: [Tomate: Set Juanest99's game mode to Spectator Mode]
[07Dec2025 01:56:57.073] [Server thread/WARN] [net.minecraft.server.MinecraftServer/]: Can't keep up! Is the server overloaded? Running 2520ms or 50 ticks behind
[07Dec2025 01:56:57.773] [Server thread/INFO] [net.minecraft.server.MinecraftServer/]: Flackius was slain by Mayan Warrior
[07Dec2025 01:57:07.652] [Server thread/INFO] [net.minecraft.server.MinecraftServer/]: [Not Secure] <Flackius> hay 10 esqueletos maya
[07Dec2025 01:57:11.599] [Server thread/INFO] [net.minecraft.server.MinecraftServer/]: [Not Secure] <Flackius> esta como dificil
[07Dec2025 01:57:15.891] [Server thread/WARN] [net.minecraft.server.MinecraftServer/]: Can't keep up! Is the server overloaded? Running 3839ms or 76 ticks behind
[07Dec2025 01:57:36.280] [Server thread/INFO] [net.minecraft.server.MinecraftServer/]: nicoloco23 has made the advancement [Perfect Instance]
[07Dec2025 01:57:36.954] [Server thread/WARN] [net.minecraft.server.MinecraftServer/]: Can't keep up! Is the server overloaded? Running 2001ms or 40 ticks behind
[07Dec2025 01:57:39.668] [Server thread/INFO] [net.minecraft.server.MinecraftServer/]: [Tomate: Teleported Tomate to Juanest99]
[07Dec2025 01:57:49.269] [Server thread/INFO] [net.minecraft.server.MinecraftServer/]: [Tomate: Set Juanest99's game mode to Survival Mode]
[07Dec2025 01:57:55.018] [Server thread/WARN] [net.minecraft.server.MinecraftServer/]: Can't keep up! Is the server overloaded? Running 3065ms or 61 ticks behind
[07Dec2025 01:58:17.764] [Server thread/WARN] [net.minecraft.server.MinecraftServer/]: Can't keep up! Is the server overloaded? Running 2011ms or 40 ticks behind
[07Dec2025 01:58:35.226] [Server thread/WARN] [net.minecraft.server.MinecraftServer/]: Can't keep up! Is the server overloaded? Running 2473ms or 49 ticks behind
[07Dec2025 01:58:54.366] [Server thread/WARN] [net.minecraft.server.MinecraftServer/]: Can't keep up! Is the server overloaded? Running 4163ms or 83 ticks behind
[07Dec2025 01:59:15.769] [Server thread/WARN] [net.minecraft.server.MinecraftServer/]: Can't keep up! Is the server overloaded? Running 6416ms or 128 ticks behind
[07Dec2025 01:59:37.168] [Server thread/WARN] [net.minecraft.server.MinecraftServer/]: Can't keep up! Is the server overloaded? Running 6415ms or 128 ticks behind
[07Dec2025 01:59:59.329] [Server thread/WARN] [net.minecraft.server.MinecraftServer/]: Can't keep up! Is the server overloaded? Running 7176ms or 143 ticks behind
[07Dec2025 02:00:03.131] [Server thread/INFO] [net.minecraft.server.MinecraftServer/]: [Not Secure] <Flackius> zz pls
[07Dec2025 02:00:10.704] [Server thread/INFO] [net.minecraft.server.MinecraftServer/]: [Not Secure] <Tomate> jummm
[07Dec2025 02:00:19.638] [Server thread/WARN] [net.minecraft.server.MinecraftServer/]: Can't keep up! Is the server overloaded? Running 5335ms or 106 ticks behind
[07Dec2025 02:00:19.704] [Server thread/INFO] [net.minecraft.server.network.ServerGamePacketListenerImpl/]: Tomate lost connection: Disconnected
[07Dec2025 02:00:19.704] [Server thread/INFO] [net.minecraft.server.MinecraftServer/]: Tomate left the game
[07Dec2025 02:00:19.784] [Server thread/WARN] [net.minecraft.network.Connection/]: handleDisconnection() called twice
[07Dec2025 02:00:30.704] [Server thread/INFO] [net.minecraft.server.MinecraftServer/]: nicoloco23 was slain by Anglerfish
[07Dec2025 02:00:39.663] [Server thread/WARN] [net.minecraft.server.MinecraftServer/]: Can't keep up! Is the server overloaded? Running 5060ms or 101 ticks behind
[07Dec2025 02:00:43.076] [Server thread/INFO] [net.minecraft.server.MinecraftServer/]: [Not Secure] <Flackius> zzzzzzz
[07Dec2025 02:01:01.062] [Server thread/WARN] [net.minecraft.server.MinecraftServer/]: Can't keep up! Is the server overloaded? Running 6409ms or 128 ticks behind
[07Dec2025 02:01:18.511] [Server thread/INFO] [net.minecraft.server.MinecraftServer/]: paisamares12 has made the advancement [The Light In The Darkness]
[07Dec2025 02:01:22.451] [Server thread/WARN] [net.minecraft.server.MinecraftServer/]: Can't keep up! Is the server overloaded? Running 6398ms or 127 ticks behind
[07Dec2025 02:01:42.410] [Server thread/WARN] [net.minecraft.server.MinecraftServer/]: Can't keep up! Is the server overloaded? Running 5008ms or 100 ticks behind
[07Dec2025 02:02:03.600] [Server thread/WARN] [net.minecraft.server.MinecraftServer/]: Can't keep up! Is the server overloaded? Running 6197ms or 123 ticks behind
[07Dec2025 02:02:05.334] [Server thread/INFO] [net.minecraft.server.players.PlayerList/]: Tomate[/100.82.94.110:60819] logged in with entity id 25804 at (-1865.3064460194946, 67.0, -1448.4479161883276)
[07Dec2025 02:02:05.358] [Server thread/INFO] [net.minecraft.server.MinecraftServer/]: Tomate joined the game
[07Dec2025 02:02:09.712] [Server thread/INFO] [net.minecraft.server.MinecraftServer/]: paisamares12 has made the advancement [Almost Like a Fan]
[07Dec2025 02:02:23.392] [Server thread/INFO] [net.minecraft.server.MinecraftServer/]: lifedoll has made the advancement [Forbidden Fruit]
[07Dec2025 02:02:25.020] [Server thread/WARN] [net.minecraft.server.MinecraftServer/]: Can't keep up! Is the server overloaded? Running 6468ms or 129 ticks behind
[07Dec2025 02:02:45.986] [Server thread/WARN] [net.minecraft.server.MinecraftServer/]: Can't keep up! Is the server overloaded? Running 5984ms or 119 ticks behind
[07Dec2025 02:02:58.331] [Server thread/INFO] [net.minecraft.server.MinecraftServer/]: [Tomate: Teleported nicoloco23 to paisamares12]
[07Dec2025 02:03:06.340] [Server thread/WARN] [net.minecraft.server.MinecraftServer/]: Can't keep up! Is the server overloaded? Running 5387ms or 107 ticks behind
[07Dec2025 02:03:25.860] [Server thread/WARN] [net.minecraft.server.MinecraftServer/]: Can't keep up! Is the server overloaded? Running 4558ms or 91 ticks behind
[07Dec2025 02:03:47.965] [Server thread/WARN] [net.minecraft.server.MinecraftServer/]: Can't keep up! Is the server overloaded? Running 7112ms or 142 ticks behind
[07Dec2025 02:04:09.037] [Server thread/WARN] [net.minecraft.server.MinecraftServer/]: Can't keep up! Is the server overloaded? Running 6084ms or 121 ticks behind
[07Dec2025 02:04:29.011] [Server thread/WARN] [net.minecraft.server.MinecraftServer/]: Can't keep up! Is the server overloaded? Running 5008ms or 100 ticks behind
[07Dec2025 02:04:48.821] [Server thread/WARN] [net.minecraft.server.MinecraftServer/]: Can't keep up! Is the server overloaded? Running 4818ms or 96 ticks behind
[07Dec2025 02:05:09.512] [Server thread/WARN] [net.minecraft.server.MinecraftServer/]: Can't keep up! Is the server overloaded? Running 5709ms or 114 ticks behind
[07Dec2025 02:05:30.706] [Server thread/WARN] [net.minecraft.server.MinecraftServer/]: Can't keep up! Is the server overloaded? Running 6204ms or 124 ticks behind
[07Dec2025 02:05:48.125] [Server thread/INFO] [net.minecraft.server.MinecraftServer/]: Kicked Tomate: Kicked by an operator
[07Dec2025 02:05:48.187] [Server thread/INFO] [net.minecraft.server.network.ServerGamePacketListenerImpl/]: Tomate lost connection: Kicked by an operator
[07Dec2025 02:05:48.187] [Server thread/INFO] [net.minecraft.server.MinecraftServer/]: Tomate left the game
[07Dec2025 02:05:51.521] [Server thread/WARN] [net.minecraft.server.MinecraftServer/]: Can't keep up! Is the server overloaded? Running 5819ms or 116 ticks behind
[07Dec2025 02:06:07.384] [Server thread/INFO] [net.minecraft.server.players.PlayerList/]: Tomate[/100.82.94.110:61946] logged in with entity id 28460 at (-1867.9367610430193, 69.0, -1449.81654233299)
[07Dec2025 02:06:07.405] [Server thread/INFO] [net.minecraft.server.MinecraftServer/]: Tomate joined the game
[07Dec2025 02:06:11.975] [Server thread/WARN] [net.minecraft.server.MinecraftServer/]: Can't keep up! Is the server overloaded? Running 5473ms or 109 ticks behind
[07Dec2025 02:06:22.612] [Server thread/INFO] [net.minecraft.server.MinecraftServer/]: lifedoll has made the advancement [Monster Hunter]
[07Dec2025 02:06:33.267] [Server thread/WARN] [net.minecraft.server.MinecraftServer/]: Can't keep up! Is the server overloaded? Running 6314ms or 126 ticks behind
[07Dec2025 02:07:06.855] [Server thread/WARN] [net.minecraft.server.MinecraftServer/]: Can't keep up! Is the server overloaded? Running 18603ms or 372 ticks behind
[07Dec2025 02:07:30.327] [Server thread/WARN] [net.minecraft.server.MinecraftServer/]: Can't keep up! Is the server overloaded? Running 8475ms or 169 ticks behind
[07Dec2025 02:07:52.507] [Server thread/WARN] [net.minecraft.server.MinecraftServer/]: Can't keep up! Is the server overloaded? Running 7204ms or 144 ticks behind
[07Dec2025 02:08:10.907] [Server thread/INFO] [net.minecraft.server.MinecraftServer/]: Gave 1 [Diamond Sword] to Flackius
[07Dec2025 02:08:11.822] [Server thread/WARN] [net.minecraft.server.MinecraftServer/]: Can't keep up! Is the server overloaded? Running 4319ms or 86 ticks behind
[07Dec2025 02:08:30.833] [Server thread/WARN] [net.minecraft.server.MinecraftServer/]: Can't keep up! Is the server overloaded? Running 4031ms or 80 ticks behind
[07Dec2025 02:08:50.023] [Server thread/WARN] [net.minecraft.server.MinecraftServer/]: Can't keep up! Is the server overloaded? Running 4220ms or 84 ticks behind
[07Dec2025 02:09:07.153] [Server thread/INFO] [net.minecraft.server.MinecraftServer/]: Gave 1 [Iron Helmet] to Flackius
[07Dec2025 02:09:10.023] [Server thread/WARN] [net.minecraft.server.MinecraftServer/]: Can't keep up! Is the server overloaded? Running 5020ms or 100 ticks behind
[07Dec2025 02:09:13.449] [Server thread/INFO] [net.minecraft.server.MinecraftServer/]: Gave 1 [Iron Chestplate] to Flackius
[07Dec2025 02:09:14.033] [Server thread/INFO] [net.minecraft.server.MinecraftServer/]: [Not Secure] <Tomate> Jummmm
[07Dec2025 02:09:19.367] [Server thread/INFO] [net.minecraft.server.MinecraftServer/]: [Not Secure] <Tomate> a alguien va tocar meterle ban
[07Dec2025 02:09:20.162] [Server thread/INFO] [net.minecraft.server.MinecraftServer/]: Gave 1 [Iron Leggings] to Flackius
[07Dec2025 02:09:26.032] [Server thread/INFO] [net.minecraft.server.MinecraftServer/]: Gave 1 [Iron Boots] to Flackius
[07Dec2025 02:09:30.000] [Server thread/WARN] [net.minecraft.server.MinecraftServer/]: Can't keep up! Is the server overloaded? Running 4997ms or 99 ticks behind
[07Dec2025 02:09:31.730] [Server thread/INFO] [net.minecraft.server.MinecraftServer/]: Gave 1 [Shield] to Flackius
[07Dec2025 02:09:39.956] [Server thread/INFO] [net.minecraft.server.MinecraftServer/]: [Not Secure] <Flackius> y eso?
[07Dec2025 02:09:43.822] [Server thread/INFO] [net.minecraft.server.MinecraftServer/]: [Not Secure] <Tomate> t'u
[07Dec2025 02:09:46.448] [Server thread/INFO] [net.minecraft.server.MinecraftServer/]: [Not Secure] <Tomate> no t hagas
[07Dec2025 02:09:47.906] [Server thread/INFO] [net.minecraft.server.MinecraftServer/]: [Not Secure] <Flackius> bro
[07Dec2025 02:09:49.198] [Server thread/WARN] [net.minecraft.server.MinecraftServer/]: Can't keep up! Is the server overloaded? Running 4245ms or 84 ticks behind
[07Dec2025 02:09:51.476] [Server thread/INFO] [net.minecraft.server.MinecraftServer/]: [Not Secure] <Flackius> y mis cosas?
[07Dec2025 02:09:57.913] [Server thread/INFO] [net.minecraft.server.MinecraftServer/]: [Not Secure] <TheALejoX> locota
[07Dec2025 02:10:03.685] [Server thread/INFO] [net.minecraft.server.MinecraftServer/]: [Not Secure] <TheALejoX> re locota
[07Dec2025 02:10:07.775] [Server thread/WARN] [net.minecraft.server.MinecraftServer/]: Can't keep up! Is the server overloaded? Running 3622ms or 72 ticks behind
[07Dec2025 02:10:09.685] [Server thread/INFO] [net.minecraft.server.MinecraftServer/]: [Not Secure] <Tomate> ya está advertido
[07Dec2025 02:10:26.461] [Server thread/WARN] [net.minecraft.server.MinecraftServer/]: Can't keep up! Is the server overloaded? Running 3709ms or 74 ticks behind
[07Dec2025 02:10:46.331] [Server thread/WARN] [net.minecraft.server.MinecraftServer/]: Can't keep up! Is the server overloaded? Running 4879ms or 97 ticks behind
[07Dec2025 02:11:05.123] [Server thread/WARN] [net.minecraft.server.MinecraftServer/]: Can't keep up! Is the server overloaded? Running 3820ms or 76 ticks behind
[07Dec2025 02:11:20.069] [Server thread/INFO] [net.minecraft.server.MinecraftServer/]: [Not Secure] <Flackius> o sea tp si esta permitido?
[07Dec2025 02:11:23.668] [Server thread/WARN] [net.minecraft.server.MinecraftServer/]: Can't keep up! Is the server overloaded? Running 2015ms or 40 ticks behind
[07Dec2025 02:11:27.412] [Server thread/INFO] [net.minecraft.server.MinecraftServer/]: [Not Secure] <Tomate> pues ci
[07Dec2025 02:11:42.295] [Server thread/WARN] [net.minecraft.server.MinecraftServer/]: Can't keep up! Is the server overloaded? Running 3642ms or 72 ticks behind
[07Dec2025 02:11:48.769] [Server thread/INFO] [net.minecraft.server.MinecraftServer/]: [Not Secure] <Flackius> mmm ok
[07Dec2025 02:12:00.296] [Server thread/WARN] [net.minecraft.server.MinecraftServer/]: Can't keep up! Is the server overloaded? Running 3043ms or 60 ticks behind
[07Dec2025 02:12:05.309] [Server thread/INFO] [net.minecraft.server.MinecraftServer/]: [Not Secure] <Tomate> pero como vas a comparar darte items con sacar cosas del creativo
[07Dec2025 02:12:17.805] [Server thread/WARN] [net.minecraft.server.MinecraftServer/]: Can't keep up! Is the server overloaded? Running 2552ms or 51 ticks behind
[07Dec2025 02:12:18.469] [Server thread/INFO] [net.minecraft.server.MinecraftServer/]: [Not Secure] <Flackius> ?
[07Dec2025 02:12:32.663] [Server thread/INFO] [net.minecraft.server.MinecraftServer/]: [Not Secure] <Flackius> que cosa saque dele creativo
[07Dec2025 02:12:38.504] [Server thread/WARN] [net.minecraft.server.MinecraftServer/]: Can't keep up! Is the server overloaded? Running 2002ms or 40 ticks behind
[07Dec2025 02:12:42.031] [Server thread/INFO] [net.minecraft.server.MinecraftServer/]: [Not Secure] <Flackius> me puse unna hpta armadura de ehierro a ver si no me follan 10 negros bro
[07Dec2025 02:12:43.141] [Server thread/INFO] [net.minecraft.server.MinecraftServer/]: [Not Secure] <Tomate> 1 espada de diamante
[07Dec2025 02:12:52.780] [Server thread/INFO] [net.minecraft.server.MinecraftServer/]: [Not Secure] <Flackius> igual tenia esos diamantes en mi loot
[07Dec2025 02:13:00.845] [Server thread/INFO] [net.minecraft.server.MinecraftServer/]: [Not Secure] <Flackius> pero la voy a botar igual
[07Dec2025 02:13:03.353] [Server thread/INFO] [net.minecraft.server.MinecraftServer/]: [Not Secure] <Tomate> pero me decías y ibamos a buscarlo
[07Dec2025 02:13:07.640] [Server thread/INFO] [net.minecraft.server.MinecraftServer/]: [Not Secure] <Flackius> yo te dije XD
[07Dec2025 02:13:11.007] [Server thread/WARN] [net.minecraft.server.MinecraftServer/]: Can't keep up! Is the server overloaded? Running 2004ms or 40 ticks behind
[07Dec2025 02:13:12.457] [Server thread/INFO] [net.minecraft.server.MinecraftServer/]: paisamares12 has made the advancement [Perfect Instance]
[07Dec2025 02:13:15.648] [Server thread/INFO] [net.minecraft.server.MinecraftServer/]: [Not Secure] <Tomate> pero me dijiste q después
[07Dec2025 02:13:21.578] [Server thread/INFO] [net.minecraft.server.MinecraftServer/]: [Not Secure] <Tomate> t hago el tp a las cosas y ya
[07Dec2025 02:13:21.636] [Server thread/INFO] [net.minecraft.server.MinecraftServer/]: [Not Secure] <Flackius> despues de que ayudaras al men
[07Dec2025 02:13:27.463] [Server thread/INFO] [net.minecraft.server.MinecraftServer/]: [Not Secure] <Tomate> x eso
[07Dec2025 02:13:29.007] [Server thread/WARN] [net.minecraft.server.MinecraftServer/]: Can't keep up! Is the server overloaded? Running 2004ms or 40 ticks behind
[07Dec2025 02:13:33.871] [Server thread/INFO] [net.minecraft.server.MinecraftServer/]: [Not Secure] <Flackius> si me haces tp no me matan?
[07Dec2025 02:13:37.903] [Server thread/INFO] [net.minecraft.server.MinecraftServer/]: [Not Secure] <Tomate> nom
[07Dec2025 02:13:44.025] [Server thread/INFO] [net.minecraft.server.MinecraftServer/]: [Not Secure] <Flackius> ¿?
[07Dec2025 02:13:44.261] [Server thread/INFO] [net.minecraft.server.MinecraftServer/]: [Not Secure] <Tomate> te dejo en espectador para q no t pase nada
[07Dec2025 02:13:47.536] [Server thread/WARN] [net.minecraft.server.MinecraftServer/]: Can't keep up! Is the server overloaded? Running 3533ms or 70 ticks behind
[07Dec2025 02:13:47.605] [Server thread/INFO] [net.minecraft.server.MinecraftServer/]: [Not Secure] <Flackius> xD
[07Dec2025 02:13:54.817] [Server thread/INFO] [net.minecraft.server.MinecraftServer/]: [Not Secure] <Tomate> agarras las cosas y ya
[07Dec2025 02:13:57.336] [Server thread/INFO] [net.minecraft.server.MinecraftServer/]: [Not Secure] <Tomate> otra vez tp
[07Dec2025 02:14:02.960] [Server thread/INFO] [net.minecraft.server.MinecraftServer/]: [Not Secure] <Flackius> asi que gracia
[07Dec2025 02:14:06.106] [Server thread/WARN] [net.minecraft.server.MinecraftServer/]: Can't keep up! Is the server overloaded? Running 3603ms or 72 ticks behind
[07Dec2025 02:14:07.667] [Server thread/INFO] [net.minecraft.server.MinecraftServer/]: [Not Secure] <Tomate> y entonces
[07Dec2025 02:14:07.870] [Server thread/INFO] [net.minecraft.server.MinecraftServer/]: [Not Secure] <Flackius> yo solo queria armas para pelear
[07Dec2025 02:14:14.671] [Server thread/INFO] [net.minecraft.server.MinecraftServer/]: [Not Secure] <Tomate> pero no eran tus cosas?
[07Dec2025 02:14:14.920] [Server thread/INFO] [net.minecraft.server.MinecraftServer/]: [Not Secure] <Flackius> me parece mas justo
[07Dec2025 02:14:15.653] [Server thread/INFO] [net.minecraft.server.MinecraftServer/]: [Not Secure] <TheALejoX> pues crafteleas
[07Dec2025 02:14:22.965] [Server thread/INFO] [net.minecraft.server.MinecraftServer/]: [Not Secure] <Flackius> bueno esta bien bro
[07Dec2025 02:14:23.584] [Server thread/INFO] [net.minecraft.server.MinecraftServer/]: [Not Secure] <Juanest99> pvp
[07Dec2025 02:14:23.998] [Server thread/WARN] [net.minecraft.server.MinecraftServer/]: Can't keep up! Is the server overloaded? Running 2895ms or 57 ticks behind
[07Dec2025 02:14:27.985] [Server thread/INFO] [net.minecraft.server.MinecraftServer/]: [Not Secure] <TheALejoX> sz
[07Dec2025 02:14:32.963] [Server thread/INFO] [net.minecraft.server.MinecraftServer/]: [Not Secure] <Flackius> sin camiseta
[07Dec2025 02:14:33.637] [Server thread/INFO] [net.minecraft.server.MinecraftServer/]: [Not Secure] <TheALejoX> flakius una locota
[07Dec2025 02:14:37.492] [Server thread/INFO] [net.minecraft.server.MinecraftServer/]: [Not Secure] <Flackius> en el centro dele pueblo
[07Dec2025 02:14:42.790] [Server thread/WARN] [net.minecraft.server.MinecraftServer/]: Can't keep up! Is the server overloaded? Running 3838ms or 76 ticks behind
[07Dec2025 02:15:02.151] [Server thread/WARN] [net.minecraft.server.MinecraftServer/]: Can't keep up! Is the server overloaded? Running 4398ms or 87 ticks behind
[07Dec2025 02:15:22.469] [Server thread/WARN] [net.minecraft.server.MinecraftServer/]: Can't keep up! Is the server overloaded? Running 5367ms or 107 ticks behind
[07Dec2025 02:15:44.631] [Server thread/WARN] [net.minecraft.server.MinecraftServer/]: Can't keep up! Is the server overloaded? Running 7178ms or 143 ticks behind
[07Dec2025 02:16:07.634] [Server thread/WARN] [net.minecraft.server.MinecraftServer/]: Can't keep up! Is the server overloaded? Running 8031ms or 160 ticks behind
[07Dec2025 02:16:14.072] [Server thread/INFO] [net.minecraft.server.MinecraftServer/]: [Tomate: Teleported Juanest99 to Tomate]
[07Dec2025 02:16:30.462] [Server thread/WARN] [net.minecraft.server.MinecraftServer/]: Can't keep up! Is the server overloaded? Running 7859ms or 157 ticks behind
[07Dec2025 02:16:37.890] [Server thread/INFO] [net.minecraft.server.MinecraftServer/]: Flackius was slain by Mayan Warrior
[07Dec2025 02:16:49.486] [Server thread/INFO] [net.minecraft.server.MinecraftServer/]: [Not Secure] <Tomate> avr
[07Dec2025 02:16:50.441] [Server thread/WARN] [net.minecraft.server.MinecraftServer/]: Can't keep up! Is the server overloaded? Running 4989ms or 99 ticks behind
[07Dec2025 02:16:54.208] [Server thread/INFO] [net.minecraft.server.MinecraftServer/]: [Not Secure] <Tomate> voy
[07Dec2025 02:16:57.799] [Server thread/INFO] [net.minecraft.server.MinecraftServer/]: [Not Secure] <Flackius> no bro
[07Dec2025 02:16:57.930] [Server thread/INFO] [net.minecraft.server.MinecraftServer/]: [Not Secure] <Tomate> y t ayudo
[07Dec2025 02:17:03.752] [Server thread/INFO] [net.minecraft.server.MinecraftServer/]: [Not Secure] <Tomate> seguro_
[07Dec2025 02:17:04.822] [Server thread/INFO] [net.minecraft.server.MinecraftServer/]: [Not Secure] <Tomate> ?
[07Dec2025 02:17:05.991] [Server thread/INFO] [net.minecraft.server.MinecraftServer/]: [Not Secure] <Flackius> me voy a minar 3 horas pa conseguir full diamante entonces
[07Dec2025 02:17:10.972] [Server thread/INFO] [net.minecraft.server.MinecraftServer/]: [Not Secure] <Flackius> porque o es todo ilgeal o nada
[07Dec2025 02:17:11.812] [Server thread/WARN] [net.minecraft.server.MinecraftServer/]: Can't keep up! Is the server overloaded? Running 6410ms or 128 ticks behind
[07Dec2025 02:17:29.215] [Server thread/INFO] [net.minecraft.server.MinecraftServer/]: [Not Secure] <TheALejoX> sea hombre ñero
[07Dec2025 02:17:31.458] [Server thread/WARN] [net.minecraft.server.MinecraftServer/]: Can't keep up! Is the server overloaded? Running 4656ms or 93 ticks behind
[07Dec2025 02:17:36.251] [Server thread/INFO] [net.minecraft.server.MinecraftServer/]: [Not Secure] <TheALejoX> que se mete ahi si no puede
[07Dec2025 02:17:37.104] [Server thread/INFO] [net.minecraft.server.MinecraftServer/]: [Not Secure] <paisamares12> pues parcero es survival
[07Dec2025 02:17:41.420] [Server thread/INFO] [net.minecraft.server.MinecraftServer/]: [Not Secure] <paisamares12> la de jugar
[07Dec2025 02:17:44.107] [Server thread/INFO] [net.minecraft.server.MinecraftServer/]: [Not Secure] <paisamares12> se la sabe
[07Dec2025 02:17:46.896] [Server thread/INFO] [net.minecraft.server.MinecraftServer/]: [Not Secure] <paisamares12> ?
[07Dec2025 02:17:48.806] [Server thread/INFO] [net.minecraft.server.MinecraftServer/]: [Not Secure] <Tomate> calma
[07Dec2025 02:17:49.549] [Server thread/INFO] [net.minecraft.server.MinecraftServer/]: [Not Secure] <Flackius> eso voy a hacer
[07Dec2025 02:17:52.407] [Server thread/WARN] [net.minecraft.server.MinecraftServer/]: Can't keep up! Is the server overloaded? Running 5955ms or 119 ticks behind
